Time,vcu.GNSS.altitude
611858134,149.870789064036
612298010,149.862345687288
612310855,149.861911212851
612318219,149.861465286172
612328214,149.861091191473
612338238,149.860636542813
612348255,149.860213156906
612358264,149.859783214459
612368089,149.859360825445
612378135,149.879328722134
612388135,149.878951123741
612398131,149.878566896397
612408280,149.87815000792
612418161,149.877761015756
612428131,149.877335040132
612438180,149.877000193868
612808289,149.897255432967
612817980,149.896820510854
612848217,149.895594913454
612888110,149.894012996723
612910877,149.893106088333
612918133,149.892771967745
612948139,149.891567857296
612958109,149.899410152168
612968114,149.899016202398
612988110,149.898116043099
613018106,149.896941533108
613028103,149.896502666292
613038205,149.896076463017
613108243,149.893093933555
613118179,149.89266328502
613128017,149.892318445694
613158189,149.890957428259
613188123,149.907835631631
613208156,149.907004794746
613218095,149.906589374295
613248124,149.905372535344
613268127,149.904456534132
613298195,149.903308814246
613378206,149.91996682348
613418161,149.918247244845
613448158,149.91715540702
613458123,149.916632768087
613468122,149.916241384693
613488123,149.915422697493
613508220,149.914649320184
613538231,149.913467794948
613548161,149.933523324435
613568207,149.932725399558
613618144,149.930761689699
613648124,149.929614831111
613658093,149.929177706712
613687984,149.92797484895
613708070,149.927182978339
613768101,149.945435560716
613808228,149.943925688218
613888269,149.94077056917
613958115,149.958514602215
613998101,149.957065601135
614008229,149.956765733688
614067987,149.95445084828
614088186,149.953726231208
614118221,149.952502756409
614168123,149.975738325331
614188073,149.975044751831
614198119,149.974690628645
614208101,149.974305335549
614217944,149.974014205742
614238003,149.973263633932
614268185,149.972187103936
614308156,149.970710572758
614318103,149.970409587608
614358008,149.96885184542
614368235,149.982099467597
614388207,149.981366101361
614407980,149.980550320732
614428269,149.979786147247
614468205,149.978346349119
614518103,149.976460944919
614587996,149.995251771761
615728214,150.013672445377
615748196,150.012873258325
615768252,150.037338574039
615778277,150.037034079316
615788194,150.036608001014
615798209,150.036206334247
615808276,150.035758988932
615818186,150.035369764548
615848221,150.03425589978
615858237,150.033836168062
616048304,150.046675024525
616058295,150.046257865004
616068342,150.045834031422
616078245,150.04548729019
616088206,150.045087640232
616098202,150.044735827338
616108207,150.044278657879
616118210,150.043945994985
616128249,150.043508101022
616138313,150.043196858256
616148097,150.05469721838
616158263,150.054300460994
616168314,150.053890987445
616178293,150.053472475673
616188291,150.053090218396
616198209,150.052689458622
616208212,150.05236814791
616218208,150.051971012726
616228026,150.051584775385
616238276,150.051170044899
616248038,150.050793925126
616258041,150.050409673859
616268074,150.050062135269
616278083,150.049609810434
616288089,150.0491682539
616298093,150.048784299288
616308122,150.048464248131
616318131,150.047993480723
616328136,150.047567631293
616338142,150.047178914363
616348148,150.046871193394
616358182,150.046481567173
616388197,150.058849000954
616408238,150.058159817767
616418436,150.057733465743
616468624,150.05567758024
616488609,150.054956466425
616508604,150.054124889139
616518609,150.053790095029
616548106,150.053760622395
616608203,150.051308707974
616618209,150.050837629911
616688272,150.04784653557
616738766,150.045732238505
616748238,150.051895253477
616758203,150.051464153396
616768252,150.051050598384
616778248,150.050646220654
616788183,150.050175824756
616808187,150.049298500875
616818208,150.048864282173
616848208,150.047633668815
616868326,150.046739137179
616878218,150.046311181301
616888059,150.045935251925
616908073,150.044984762149
616918078,150.044502321573
616988208,150.053671943082
617008015,150.052775547258
617017985,150.0524011628
617048041,150.051047669956
617088138,150.049276189238
617118185,150.048055287683
617168156,150.051772100152
617178162,150.051347640983
617188465,150.050882381882
617248522,150.04838021702
617258434,150.047829969088
617268620,150.047401411925
617288454,150.046562944015
617298434,150.046176307544
617308111,150.045706224017
617318122,150.045266246801
617338540,150.044379213999
617368178,150.043066752027
617378463,150.04556071668
617387971,150.045081618766
617408030,150.044259771326
617418074,150.043759225984
617488119,150.040643810993
617508114,150.039766306523
617518122,150.039297626703
617548122,150.037877577823
617657977,150.039588347136
617668021,150.039096682041
617698233,150.037668752717
617708242,150.037223294436
617788229,150.046920084016
617818142,150.045506110066
617848142,150.044138917408
617878193,150.042801917385
617888003,150.042316413193
617908238,150.041435664229
617918005,150.040894458361
618008121,150.040902070119
618048144,150.03901784803
618118117,150.035660171299
618188117,150.039142095658
618217990,150.037613759516
618258230,150.035821617057
618268275,150.0352861266
618298315,150.033835801529
618308180,150.033308540354
618318208,150.032856399775
618388216,150.043563359592
618418027,150.042210860003
618448226,150.040700075973
618468273,150.039815598517
618488140,150.038809524063
618498144,150.038371951901
618508213,150.037863871607
618618141,150.047378792427
618678183,150.044602363836
618718143,150.042566924938
618768174,150.059328360308
618807983,150.057541231916
618838059,150.056091898819
618887986,150.053750452207
618918399,150.052339509537
618968175,150.065566272184
619008167,150.063685538771
619018157,150.063208583393
619088060,150.060015933064
619118301,150.058601520752
619178167,150.069658484834
619218377,150.067766756809
619258401,150.065936469357
619288378,150.064575823897
619318029,150.063113765704
619358599,150.061253759544
619388713,150.080687566951
619418693,150.079310287198
619438784,150.078456927731
619488153,150.076334652957
619508195,150.075385617616
619518146,150.074908204318
619568236,150.073711584584
619598147,150.072314010293
619638176,150.070468136633
619648129,150.070101821679
619668233,150.069062789436
619688146,150.068227284006
619718150,150.066772469494
619728122,150.066254734294
619748150,150.086893640051
619788146,150.085228699725
619798190,150.084733296768
619808190,150.084252788103
619818232,150.083816658705
619857975,150.08204977389
619908042,150.079784206901
619917973,150.079239673563
619978318,150.087140818941
619988148,150.08661708585
620018152,150.085264376772
620058133,150.083500225272
620088131,150.082051091595
620098198,150.081606822729
620108178,150.081137667352
620208195,150.087020893407
620218151,150.086548307561
620248154,150.085168768943
620287953,150.083425579331
620308020,150.082425456494
620318238,150.081931362511
620388352,150.092356332985
620408181,150.091418793047
620458239,150.089074928721
620468345,150.088688023097
620498053,150.087333409523
620508343,150.086803388025
620618206,150.09956246143
620708158,150.095622591092
620718129,150.095214438683
620788015,150.108379356156
620818157,150.107094055711
620838318,150.106212030863
620848301,150.105795006821
620888129,150.103999524319
620908173,150.103147451067
620988237,150.099045237235
620998275,150.098592892842
621018307,150.097675606317
621038002,150.09671750234
621048018,150.096267564979
621078248,150.09494823229
621088239,150.094464324124
621108281,150.093500897055
621118155,150.093078694772
621158158,150.104316533922
621178180,150.103508614644
621188148,150.102922705817
621208200,150.102017998288
621218189,150.101556739653
621247991,150.100170832389
621268085,150.099211200955
621287988,150.098307907116
621318320,150.096879819524
621368319,150.094599795208
621388160,150.103393585887
621448156,150.100604820414
621458134,150.100107732927
621468237,150.099657810992
621498200,150.098270439223
621518040,150.097275162407
621548310,150.095850156213
621578185,150.112913003773
621608285,150.111520294158
621648133,150.109666950593
621658126,150.109277860029
621668330,150.108836982545
621698197,150.107416475948
621788021,150.118323171453
621798257,150.117870657123
621818214,150.116895765357
621838244,150.115917819028
621868233,150.114553330233
621878143,150.114118507481
621888154,150.113613624359
621918130,150.112239037931
621988152,150.116533173015
622028003,150.11469352222
622058247,150.113322907651
622068342,150.112946717592
622088155,150.111926003301
622178037,150.11406091298
622188324,150.113641949632
622248163,150.110843691044
622258140,150.110362506704
622298100,150.108475868212
622308272,150.107973709179
622318245,150.107494248776
622378160,150.115376049012
622408188,150.113902992394
622418162,150.113431146281
622448141,150.112032264733
622458143,150.111541497638
622468237,150.111105410877
622488189,150.110164671816
622498282,150.109582044359
622548196,150.106998233241
622558017,150.106481156719
622568032,150.106023904751
622598378,150.104533755075
622608057,150.104095106275
622618342,150.103518546326
622658118,150.101520804805
622708003,150.099091791199
622718038,150.098494764476
622798507,150.094370486564
622828245,150.09280665766
622838279,150.092267835164
622848201,150.091755825211
622868472,150.090658737463
622878476,150.090138704865
622888368,150.08961497061
622908375,150.088548598462
623008175,150.100062458776
623018162,150.099664237991
623038198,150.098509291885
623078033,150.096387493191
623108545,150.094765415182
623118309,150.094332726789
623168165,150.107982216752
623208155,150.105891755433
623217990,150.105380218127
623268249,150.102729126229
623287991,150.101663944952
623348238,150.098500101361
623378236,150.096967186604
623418140,150.114553622901
623448139,150.113050270127
623468163,150.112034159363
623488161,150.110977692413
623498214,150.110473944456
623508163,150.10996537871
623568267,150.113596384821
623578247,150.113028194697
623588247,150.112628051953
623618165,150.111099250062
623658230,150.109085057164
623668251,150.108495305525
623688155,150.10745429981
623728267,150.105521277001
623748200,150.104453203036
623788079,150.11120218478
623818334,150.109724702459
623868193,150.107173654076
623908158,150.105200034042
623918161,150.104657136399
623988143,150.117926882638
624038285,150.115701803239
624068298,150.114183387137
624078156,150.113773226854
624118172,150.11183956865
624168059,150.108977324504
624188202,150.108049870702
624208211,150.107147730363
624218162,150.106547731033
624248003,150.105172269337
624278020,150.103685619484
624308078,150.102246008639
624318121,150.101750710921
624378347,150.098532603821
624388353,150.098025292507
624408002,150.097076807637
624458366,150.094612720306
624468370,150.094228282687
624498193,150.092775798985
624508224,150.09227040509
624578208,150.094418565306
624608383,150.092881678662
624648408,150.090960724337
624668431,150.089941926126
624698491,150.088492503564
624808174,150.096471454977
624868023,150.093693583854
625068167,150.092787908332
625088182,150.091919480124
625108169,150.090951681894
625138176,150.089580499043
625178157,150.099833022105
625197998,150.098940791853
625208027,150.098499893706
625258327,150.096243894426
625298109,150.094454322592
625378233,150.101971136406
625588395,150.099389551033
625598393,150.099053081649
625618174,150.098128630896
625668202,150.095899361128
625818198,150.099108129274
625868174,150.097008555487
625888196,150.096190536453
626048006,150.096886518877
626188080,150.106303140754
626208102,150.105435844453
626248174,150.103880612558
626267976,150.103110870405
626468425,150.099590679863
626508153,150.098042897298
626588149,150.099489851156
626668165,150.096485984395
626748324,150.093384866399
626788202,150.092871398898
626818144,150.091772206826
626868010,150.089964795217
626918377,150.087888903101
627008234,150.086278404749
627108040,150.082515907561
627148092,150.080862296047
627208577,150.071723948116
627268489,150.069236975076
627278489,150.068735929788
627298489,150.068011606723
627308406,150.067592588486
627407995,150.049356612639
627458212,150.047131202358
627478161,150.046129482507
627608186,150.025236290996
627648188,150.02329957555
627658160,150.02285310856
627667987,150.022306182276
627698272,150.020727152994
627808193,150.007530300063
627868246,150.004335223697
627998243,149.990456692118
628008012,149.989926649141
628138243,149.982938497211
628198276,149.967176593374
628208279,149.966486348887
628288268,149.961891790153
628338114,149.95904129406
628398153,149.943002632703
628468198,149.93882295501
628488298,149.937543235254
628538324,149.93446928612
628618147,149.921122362604
628648184,149.919263087388
628668017,149.917955476965
628708185,149.915392222872
628818230,149.915623289882
628888081,149.91124349233
628908163,149.910011234519
628948324,149.907499805558
629018073,149.892919780221
629048180,149.89097479207
629068337,149.889629774611
629108457,149.887108847848
629118200,149.88634504599
629248205,149.873354482348
629268172,149.872084465693
629418171,149.855779462494
629488154,149.851017153938
629708252,149.843440738739
629718151,149.842755016289
629738266,149.841406292282
629808279,149.846528618655
629868173,149.842453978839
629878255,149.841807452845
629898290,149.84045526851
629938337,149.837665873405
629998175,149.832540459582
630008271,149.831811769225
630088424,149.82630508946
630108324,149.824963263934
630138517,149.822806321201
630198174,149.826298758388
630208283,149.825520398153
630268162,149.821445504553
630288228,149.82002297201
630298234,149.819335377193
630338287,149.816560236213
630408336,149.809076164267
630468217,149.804897143738
630488148,149.80346076889
630538248,149.800025070494
630598190,149.808526495763
630668244,149.803783618612
630738284,149.798959634907
630798280,149.80274242413
630868490,149.797920637648
630918237,149.794472106791
630938596,149.793118565227
630998368,149.801204559975
631018465,149.799870237126
631108199,149.793790118536
631308072,149.796587382676
631318029,149.795948123035
631368233,149.792527826969
631448180,149.795804028981
631468197,149.794493172434
631508178,149.79183072201
631617998,149.80253040453
631658262,149.799982932513
631678299,149.798749522481
631708258,149.796806952276
631748346,149.794333913364
631808207,149.78921409871
631858293,149.785950871417
631908159,149.782758354908
631948243,149.780007764697
632008035,149.776901880512
632048258,149.774317684816
632108167,149.770377082692
632148287,149.767603150627
632208382,149.775157206343
632238036,149.773269254365
632258343,149.77194143011
632308222,149.768593192624
632348290,149.765984672355
632438251,149.769478609727
632458180,149.768176047481
632478209,149.766901645518
632518296,149.764250576962
632658153,149.765124720987
632678216,149.763824145135
632698257,149.762482360587
632848781,149.764032204344
632868709,149.762838485884
632878617,149.762213260692
632898383,149.760908610886
632908426,149.760248632287
633008241,149.759786905779
633038079,149.757897585863
633068112,149.755987318291
633208281,149.759813321463
633338335,149.7516368262
633488331,149.758657427505
633508431,149.757448127319
633518198,149.756859652756
633648408,149.758921945817
633718088,149.7546686235
633748106,149.752823512594
633848590,149.744937401265
634108221,149.737215383851
634208332,149.7277133069
634248434,149.725097436109
634268351,149.723754554521
634278259,149.723097729031
634308344,149.721100920811
634318385,149.720414001553
634518166,149.709820466
634608218,149.714239936555
634648074,149.711472627532
634688278,149.70878842799
634768380,149.715600668569
634818448,149.712291653734
634868347,149.708873921772
634908266,149.706151227816
635088119,149.693558090483
635198494,149.69180455181
635218502,149.690470864356
635288070,149.685635237955
635308700,149.684265550459
635418498,149.68136670324
635597997,149.679319743358
635648044,149.675957354251
635668117,149.674613751704
635768349,149.676375084673
635868437,149.6697267571
635878196,149.668922281242
635888234,149.66832393466
635948005,149.664214450167
636068221,149.665016116691
636088097,149.66359730449
636248228,149.647813739139
636268311,149.646574618993
636288469,149.645204400644
636448164,149.631546032557
636488244,149.628824202286
636508194,149.627492723463
636648048,149.614555158594
636688283,149.611611053406
636708099,149.610172626446
636808446,149.619242172979
636848204,149.616426331049
636858194,149.615806782153
636908075,149.612509652856
636998168,149.621306219255
637088173,149.615716888278
637138305,149.612707496504
637197995,149.615692244319
637238451,149.613349232764
637288443,149.610450577165
637308482,149.60928662424
637398177,149.626833803253
637418039,149.625763748889
637598177,149.608470669598
637708095,149.602686240803
637768576,149.607475972734
637808179,149.605676731095
637838251,149.604292717762
637858157,149.603353063343
637908191,149.600928997388
637948111,149.598927894607
638008005,149.600322098471
638018080,149.599873879924
638058169,149.598076986149
638108094,149.595902994275
638148327,149.594122248935
638208418,149.585180793889
638238382,149.583731183549
638248423,149.583258140832
638258489,149.582796665607
638278547,149.581899592187
638408271,149.597652129596
638448129,149.595989348833
638508093,149.593114814721
638708379,149.578270829748
638768599,149.593005637638
638868366,149.588434394449
638878371,149.587960051373
639048479,149.600527237635
639148055,149.596153043211
639188213,149.600714200642
639248799,149.597980142571
639268815,149.597072563134
639288205,149.596181575209
639318195,149.59491673205
639368338,149.592978982721
639408228,149.590677806642
639448210,149.588722167537
639568287,149.58633842878
639658126,149.581806312781
639818172,149.572696273681
639858193,149.570624842308
639908249,149.567844981328
640008147,149.560527477413
640078197,149.557263527997
640148141,149.553341756575
640258177,149.51651417464
640308322,149.513730254024
640348197,149.512104931287
640408206,149.475814279169
640448035,149.473051526584
640508353,149.469478479587
640568370,149.450778445229
640698627,149.442241861485
640718708,149.440804077312
640768721,149.418327273801
640858368,149.412215679884
640878259,149.410711959936
640918251,149.407739665359
640948267,149.405584895052
641068507,149.387382664718
641108224,149.384917397983
641168725,149.375439969823
641208984,149.37258414086
641288198,149.365776129067
641318198,149.363010800444
641368291,149.358866672963
641448175,149.364047224633
641518197,149.356732064858
641668455,149.345137667842
641768214,149.333885912783
641858421,149.326006835327
641868521,149.325073345564
641898442,149.322513555177
642068133,149.320435239002
642088027,149.319228149951
642288202,149.315401793458
642298242,149.31478774827
642558094,149.309673137032
642708707,149.328423064202
642768309,149.323840604164
642818202,149.34814757295
642858127,149.346334404312
642918169,149.34223913122
642968276,149.348377917893
643058518,149.343017927371
643078633,149.341663443483
643238864,149.362464257516
643368395,149.356248992495
643418058,149.360520174727
643448176,149.358677982353
643488047,149.356316562742
643508127,149.355187361129
643568596,149.369748441502
643708222,149.361606691033
643718211,149.360982911661
643908224,149.363907693885
643968190,149.363252754323
643978192,149.362581465393
644068202,149.357277736068
644148669,149.351788555272
644218214,149.341872947291
644268191,149.338096937165
644288190,149.336456777528
644298298,149.335655508563
644468213,149.326343682595
644498293,149.323739595711
644538318,149.320396079682
644708213,149.315678315237
644738240,149.313038236462
644748263,149.312195582315
644888247,149.311491116881
645008036,149.312333358452
645098047,149.304469602183
645208209,149.324445365928
645248186,149.321289723739
645298210,149.316974041983
645408213,149.30497886613
645448074,149.301226475276
645488239,149.297464679927
645498310,149.296576674096
645598516,149.298057858832
645608660,149.297120358795
645668147,149.291336683091
645678187,149.290396265686
645808060,149.309717588127
646288215,149.318771607708
646348191,149.313824933022
646388216,149.311781002209
646468264,149.302778284065
646508149,149.298336063046
646688194,149.273060965352
646698219,149.272106399294
646708216,149.271218224429
646808221,149.274830442853
646838198,149.271438672207
646858237,149.269283315632
646898088,149.264680908527
646908121,149.263434919994
647068645,149.252281733789
647138975,149.244780676439
647338219,149.247232918162
647358681,149.245699980762
647388196,149.250318186125
647468058,149.240066293394
647538341,149.233406205196
647558435,149.253803069703
647608670,149.248828686774
647668232,149.241953578312
647698216,149.239392041229
648088061,149.227629737579
648168188,149.228004086064
648288093,149.220466897241
648368112,149.215399627166
648408271,149.196163100773
648418235,149.195539709239
648488459,149.191174944339
648548565,149.187298622681
648578656,149.193211755337
648608262,149.191427435493
648618207,149.190841303964
648688271,149.186595408304
648848077,149.183690363192
648868117,149.182515560737
648938284,149.17855110066
648968610,149.179711561737
649099020,149.172315904405
649138557,149.169928895659
649238293,149.157023322827
649258295,149.155828899646
649348294,149.150483915699
649368303,149.159432803164
649388388,149.158224328363
649438360,149.155475191306
649458245,149.154388670169
649548775,149.149176371575
649648294,149.153322981787
649658298,149.152736217016
649668296,149.152237553906
649718340,149.149522162741
649758330,149.145388185279
649858169,149.139762876905
649908306,149.136898106779
649988634,149.130449723918
650089031,149.124272615067
650098846,149.123687734653
650288368,149.118492426351
650318203,149.116085260641
650688289,149.068610901944
650708191,149.066140715498
650748148,149.061289516743
650808174,149.059716298245
650848165,149.053792064544
650868174,149.050901834853
650908357,149.044507386163
651068230,149.031394366175
651088336,149.02607862372
651108200,149.021859463304
651148230,149.01924660895
651208202,149.028192052618
651268227,149.023068593815
651308229,149.018640814349
651348076,149.013907290064
651438440,149.087126392871
651508996,149.096723247319
651548915,149.095993974246
651578429,149.066769880243
651638447,149.059819715098
651858294,149.031410008669
651908134,149.022793876939
652058255,149.013329692185
652108202,148.999759562314
652148299,148.985757185146
652178225,148.955834051594
652238224,148.940260997042
652258298,148.934357451275
652308204,148.916410379112
652378250,148.892849925905
652478124,148.802316490561
652508692,148.791765044443
652568233,148.793160110712
652578225,148.790026850067
652618270,148.777272611856
652638204,148.770851757377
652738151,148.740096550435
652748101,148.737017995678
652768004,148.725891834125
652868214,148.70071878843
652888367,148.695452110842
652908465,148.689850596711
652948512,148.678960571997
652978568,148.671901133843
652998624,148.667198289186
653068095,148.6502716369
653148243,148.632170618279
653168156,148.628548271721
653418563,148.595056806225
653488715,148.587485804223
653518805,148.584769792855
653608254,148.573654151522
653708277,148.571605338715
653748316,148.572271516547
653868175,148.573429770768
653898299,148.576740568504
654048244,148.593849771656
654108254,148.600813278928
654248275,148.622168825008
654268278,148.624271209352
654308278,148.630221600644
654338281,148.633138949052
654388277,148.629256424494
654448715,148.630694359541
654478692,148.634985947981
654518314,148.642314490862
654588367,148.653173965402
654648253,148.657156054862
654668256,148.659983254969
654698262,148.665427719243
654868433,148.69077674672
654888448,148.693203353323
655148309,148.731826628558
655178087,148.706366833299
655268064,148.706991331652
655348711,148.708904924802
655378620,148.694119825959
655398681,148.693509018049
655548159,148.692518739961
655618248,148.709937547334
655648205,148.709453794174
655768095,148.705840962008
655778137,148.705934196245
655818302,148.705684799235
655848419,148.705786810955
655878458,148.706959245028
656028241,148.714711922221
656088313,148.715239060111
656268244,148.700700178742
656438656,148.66054441873
656508243,148.657950371504
656538220,148.656207440421
656588352,148.658325582743
656698254,148.653081323951
656808254,148.651242754422
656818262,148.65025671944
656898481,148.642640301026
656918718,148.641676344909
656938678,148.640681996942
657038114,148.631055894308
657238466,148.60385147389
657338494,148.580298459157
657358570,148.575266697444
657448223,148.543845606968
657468220,148.536867250688
657488327,148.529419851489
657538267,148.511922431178
657648151,148.462095902301
657708233,148.438915288076
657768496,148.443154125474
657908636,148.392415493727
657948800,148.401076585986
658268523,148.30931376107
658288602,148.304326632526
658308597,148.299770345446
658348701,148.291656529182
658368896,148.28780499124
658448245,148.296327955322
658488341,148.290471943561
658548235,148.282967749983
658588360,148.298951823264
658658246,148.292052293196
658698266,148.289691470563
658748268,148.291165445
658788181,148.297595063224
658888798,148.301131051965
658938274,148.307991863228
658988357,148.335902306251
659048246,148.339572612196
659068242,148.340594019741
659138244,148.350238388404
659338410,148.388898029923
659358660,148.390418887138
659378679,148.391149382107
659488361,148.437832554802
659578196,148.450914322399
659618250,148.454065069556
659658298,148.460214217193
659668467,148.462249414995
659708440,148.470103972591
659768583,148.471720394678
659788256,148.473428504542
659798507,148.47428005375
659858883,148.48055898305
659878883,148.483065272681
659988327,148.502978967503
660048243,148.507215392776
660168144,148.515130006708
660308530,148.517359763384
660458256,148.503301119432
660478164,148.504058494233
660508197,148.50432206504
660588163,148.500318044797
660648155,148.502304673195
660658152,148.502514567226
660668082,148.50271424558
660678123,148.502842224203
660708245,148.503091377672
660748406,148.504379579332
660768405,148.492153657367
660778447,148.49272883404
660848689,148.495320290094
660888292,148.495555375703
660918286,148.496327318251
661068263,148.530324197374
661248225,148.558926213533
661308468,148.557873449288
661358705,148.558346853592
661558274,148.607814673334
661598278,148.606954295188
661668241,148.607895539142
661708095,148.605809673667
661738400,148.603800601326
661778569,148.588790544309
661838713,148.586466268636
661848722,148.585807310417
661908285,148.578995275311
661958245,148.57270519156
661968286,148.555524466559
661978245,148.554333432578
662038254,148.546023157425
662058259,148.542688809335
662108257,148.534680651501
662178235,148.49494969286
662238248,148.480363062583
662258318,148.475975471549
662308668,148.463271772489
662348691,148.449671659619
662378260,148.439403608441
662538285,148.413457643241
662558169,148.406202192418
662578093,148.390481675044
663158466,148.300672307611
663188586,148.297186755575
663318941,148.283459916711
663388519,148.334676973522
663548271,148.336316572502
663578277,148.348678012379
663588260,148.349231042899
663618256,148.350806652568
663708244,148.357908145525
663738389,148.361673342064
663758461,148.403653817251
663778942,148.405912118033
663798942,148.407636439428
663808943,148.408318878151
663868321,148.414778070524
663938329,148.432116396725
663978275,148.512766382657
663998278,148.514735521749
664058301,148.522151314653
664118247,148.536252097227
664178175,148.582923088223
664198451,148.584381088614
664258163,148.588673148304
664278715,148.593378990889
664308712,148.603206095286
664348256,148.615680368617
664378254,148.6444049282
664388324,148.645827915519
664418276,148.64925614465
664438278,148.652038177475
664568255,148.723710483871
664968157,148.874125265516
664978115,148.875485081226
664988247,148.876778382808
664998199,148.87803903129
665028154,148.881347159855
665038183,148.882338163443
665048154,148.883319421671
665078158,148.886440688744
665088321,148.88755593542
665098426,148.888660964556
665128475,148.892005427741
665138594,148.893301669508
665148532,148.894658843055
665178738,148.907510082237
665188740,148.908630630001
665198652,148.909568826668
665218722,148.910917168483
665238802,148.911814700812
665248771,148.912209859118
665258885,148.912590148859
665268861,148.912975968793
665288933,148.91402269993
665298727,148.914815395139
665308389,148.915804553777
665328476,148.918193965219
665368434,148.922740723006
665448195,148.941748056561
665518209,148.947662500665
665528138,148.948793955147
665568108,148.982567063533
665588398,148.984931157902
665668794,148.990995350294
665708525,148.99457438197
665758902,149.00007748697
665808288,149.025421463884
665888288,149.02933699172
665928285,149.032049863599
666068102,149.038105376065
666088349,149.0379321035
666108239,149.037529100664
666128333,149.03734990675
666158429,149.034907938913
666178511,149.034565038048
666198763,149.033856107853
666268227,149.02658621408
666328285,149.022174886428
666388347,149.0197815625
666458487,149.01266285684
666478486,149.011139319278
666498501,149.010525180958
666508264,149.010512243025
666568305,149.024828170426
666658251,149.017984513193
666678337,149.016454672441
666698825,149.015457171947
666738968,149.014527665451
666888374,149.009553382173
666918306,149.006216515787
667068243,148.964323102497
667098265,148.95950337965
667118139,148.956330292858
667138212,148.952552714385
667158499,148.954085442238
667178573,148.948514433578
667288374,148.921526682912
667318310,148.915247715078
667338269,148.91062516137
667388254,148.881517691072
667428244,148.870822612662
667468098,148.861472941004
667488185,148.856845279224
667508264,148.852091075853
667518221,148.849662396126
667568356,148.804074111395
667638743,148.781447129324
667698772,148.767524301074
667718857,148.763488196768
667788478,148.728777856566
667888098,148.71172479447
667988120,148.679729812779
668008103,148.676151226275
668148888,148.660272996873
668188928,148.620442174375
668208921,148.618446713313
668328339,148.6152028488
668348265,148.614714591764
668388247,148.612927699462
668488313,148.619984476827
668518267,148.62359771505
668708679,148.650696124882
668748246,148.657428919338
668758355,148.628552122973
668928250,148.665698252618
668998324,148.663412159309
669058479,148.676823460497
669108244,148.690083453432
669148394,148.696491564624
669168486,148.679825281724
669178205,148.680442820303
669668723,148.7537709889
669688749,148.757504811743
669718265,148.762622033595
669738310,148.765697487048
669778239,148.757489164011
669828339,148.763763919938
669938286,148.78212441504
669948209,148.783389576711
669968134,148.774471384473
669988212,148.776179702021
670018255,148.779272746295
670028113,148.780527921394
670068472,148.785575084388
670088479,148.787742665038
670098446,148.788742295466
670148551,148.792733524926
670188685,148.786432291381
670198174,148.787252810784
670208136,148.788108004257
670218254,148.789016013034
670228221,148.789986090735
670238135,148.790988644585
670268183,148.793767709285
670278258,148.79462229833
670288302,148.795472955331
670348252,148.800145301968
670358259,148.800966486335
670378100,148.802896408364
670388296,148.813430623151
670398154,148.814582096413
670408177,148.815802126192
670418248,148.817027823068
670428260,148.818195434287
670448151,148.82043682225
670488193,148.824473320507
670568422,148.842688173987
670608499,148.846305496991
670728346,148.852649611421
670768250,148.842906259932
670808247,148.844858953729
670828291,148.845863369294
670988407,148.826607525349
671078290,148.819062274881
671098369,148.815934373997
671118616,148.8130452279
671138706,148.810838915408
671208249,148.780790728517
671288380,148.772438527085
671298148,148.771583790891
671348204,148.768000286072
671408266,148.780860065483
671458490,148.776132978499
671478492,148.773896583356
671498493,148.771900524385
671608652,148.793764847331
671638931,148.788193242624
671658934,148.784352347255
671668927,148.782489791512
671678383,148.780721036717
671788377,148.757974527776
671798284,148.755073456094
671818309,148.749076275155
671858249,148.738996919245
671878264,148.73443365749
671898279,148.729495967738
671948269,148.715879983269
671988343,148.693717909511
672008274,148.688281193841
672078357,148.670576745644
672098618,148.664776781807
672118701,148.658865604084
672138721,148.653106481303
672168266,148.625891354401
672308263,148.584978011437
672338100,148.574780174531
672438190,148.514627878554
672528546,148.488927650265
672558455,148.480990097858
672688284,148.429533883929
672748314,148.413418382406
672788263,148.393600124866
672868292,148.369063492864
672948192,148.343548960984
673018383,148.307364795357
673088577,148.278174714185
673148262,148.255669393577
673188364,148.209559910931
673348333,148.215099284425
673408207,148.281598508358
673568667,148.355889863335
673578722,148.356668904424
673598935,148.35830013454
673619041,148.35998979304
673658841,148.363270442002
673688591,148.365232007578
673738332,148.367979696952
673758260,148.369612365961
673778263,148.325107243843
673818327,148.328410774469
673828285,148.329006621614
673848312,148.329926783219
673858279,148.330320422538
673948228,148.334649878554
673998232,148.348874609917
674018273,148.348921539262
674058078,148.347719742917
674078698,148.346743012778
674218368,148.372925102711
674278288,148.370591933839
674298306,148.370232762769
674348190,148.369886696339
674418254,148.37947668694
674438482,148.379384846427
674478370,148.379359873012
674498458,148.379551710561
674518538,148.380091551691
674678261,148.386580740102
674698286,148.389628659002
674748351,148.397157046013
674908114,148.38906793762
674948282,148.398265418597
674988562,148.394431581721
674998455,148.396694418043
675018544,148.401015369222
675078713,148.413355655968
675148283,148.429811679758
675268224,148.457766343839
675348169,148.477582736872
675388391,148.5319173811
675428362,148.540711095557
675508485,148.558323678561
675628368,148.60975885205
675698366,148.627667316236
675708325,148.630511677824
675908280,148.702678956091
675928289,148.709304098971
675958409,148.719803191721
675978491,148.80158522632
676158570,148.844668530859
676528501,149.073845610023
676768362,149.111784030683
677068716,149.203557491302
677178266,149.24275887385
677188270,149.243914559484
677218290,149.247275796835
677228317,149.248428005259
677238268,149.24959396827
677268270,149.253004394413
677278093,149.254035975551
677288131,149.255007345113
677298089,149.255851278489
677308211,149.256585584255
677318119,149.257357475813
677328293,149.2582192829
677338253,149.25917576754
677348187,149.260252086096
677358260,149.261474602856
677368219,149.262821409036
677378305,149.222123622429
677388237,149.223584380117
677398160,149.225223892136
677408272,149.22689877823
677418335,149.228524425766
677428463,149.230039156508
677438388,149.231384058483
677548176,149.240426978096
677628352,149.225617432967
677708118,149.229475496337
677768368,149.212713475339
677808146,149.214166061953
677848120,149.215123538859
677948415,149.214501509443
677998618,149.216661463492
678068794,149.21616701968
678148313,149.194513823837
678188289,149.195031432435
678228400,149.195971231908
678248264,149.196774427779
678308292,149.200395390391
678368329,149.214233265258
678388275,149.214751363732
678448302,149.216934453696
678548797,149.22332582809
678728314,149.208256201819
678798287,149.186567069031
678838287,149.187539130449
678968098,149.142137219198
678998716,149.141706215218
679018790,149.141744057648
679038748,149.141985033639
679218331,149.123418038711
679238283,149.122633556835
679298143,149.122268367559
679318418,149.122137430124
679428549,149.101972861215
679438785,149.101490573958
679458639,149.100981320255
679488686,149.100586869754
679518374,149.099306252785
679588536,149.084486827254
679668511,149.081027476117
679698533,149.079837366939
679798164,149.066749854013
679908741,149.061992775649
680548431,148.98111578729
680768301,148.95207583718
680808278,148.951223453507
680908548,148.948092008941
680938472,148.947845507413
680958737,148.956221122295
681018851,148.955634199083
681068272,148.953532678075
681178296,148.955474026501
681238294,148.953799695708
681248333,148.953287791461
681398396,148.940764132887
681468738,148.937813995406
681548424,148.932209019549
681628255,148.917392300442
681668305,148.922410015017
681698320,148.925838908181
681728505,148.927000551485
681748375,148.925601257011
681758532,148.924200330861
681768524,148.847127409652
681778524,148.845201461576
681788525,148.843554919586
681798526,148.84234919399
681808130,148.84168062266
681818183,148.841537456028
681918707,148.853465610184
682188227,148.815188802779
682278431,148.8131587198
682348780,148.813096616417
682478833,148.806301595643
682588451,148.823943590745
682598402,148.823895030655
682608370,148.82387205027
682668189,148.822678577155
682748221,148.818728463724
682808310,148.828489590436
682848726,148.826800311916
682949069,148.823309575208
682989065,148.829962239601
683088348,148.827875415795
683108317,148.828280765563
683168304,148.823157691397
683198306,148.822197775356
683268284,148.823359047063
683528307,148.815710280091
683618360,148.847617439926
683818475,148.864979246631
683838387,148.864779544063
683988318,148.871628299356
683998282,148.871147030964
684018325,148.870348168537
684168312,148.836308948696
684188517,148.834756823257
684208335,148.833320708945
684218592,148.832651044242
684348549,148.823513630778
684398743,148.794036812149
684418855,148.793257287703
684438844,148.792295004241
684448363,148.791699357331
684488307,148.78844967857
684588308,148.796592817642
684598305,148.795787821524
684648307,148.791414956562
684688317,148.788063542917
684778182,148.780585707165
684868543,148.774311116897
684928470,148.770695040002
685048249,148.784790054895
685148272,148.777993872296
685158289,148.79615851352
685288226,148.78615995869
685348364,148.782004750799
685368380,148.787803194486
685408258,148.784640836064
685448559,148.781794391107
685528391,148.776142557152
685548418,148.774633500259
685608348,148.795166024473
685648290,148.792376447935
685708395,148.788209660444
685748526,148.7852759487
685818389,148.780996554066
685948150,148.771889901022
685998608,148.773130953312
686028658,148.771293419646
686038411,148.770671120612
686098328,148.766671240563
686168288,148.751037009759
686228333,148.746824728791
686238312,148.746124558151
686298287,148.741709930589
686318411,148.740265817149
686388429,148.741979649989
686408430,148.740683973301
686438230,148.738843845204
686498532,148.73572050361
686518616,148.734702662332
686598284,148.721066114493
686648359,148.718183510238
686698311,148.715189597337
686718374,148.713990205899
686738282,148.71278551151
686758352,148.711520616431
686848438,148.711580963805
686858423,148.710870716139
686958194,148.703755291412
687128313,148.70431328821
687148345,148.702927817823
687158177,148.702217256185
687178255,148.712060396792
687268206,148.705834230874
687348459,148.700255066622
687408376,148.699114630348
687468548,148.694947520737
687528731,148.690798951196
687578819,148.698523936444
687648607,148.693861978594
688528533,148.714392695576
688588605,148.731303495937
688638458,148.728376450134
688648393,148.727812870173
688668411,148.726672990364
688708307,148.724373869482
688748359,148.722160342149
688818422,148.731617033831
688838328,148.730627681129
688858422,148.729740445036
688928309,148.726783642778
688988380,148.728139061946
689058384,148.724759053905
689138777,148.720906849834
689158431,148.719799604034
689228314,148.715938911773
689288138,148.712642343133
689328407,148.710392068024
689338468,148.709827969666
689448235,148.713410273194
689558461,148.707131646108
689578531,148.705189825268
689648732,148.700920695439
689728426,148.696003599558
689768553,148.701805829071
689818586,148.699055351317
689848191,148.6973159794
689908237,148.693741437397
689978158,148.684571673046
690028252,148.681690106401
690168291,148.673017104389
690208175,148.681905765785
690228214,148.680731852073
690248211,148.679590013577
690308421,148.676020849496
690368426,148.672264744062
690448330,148.684268602636
690508288,148.680843559559
690568383,148.675505773863
690668331,148.669279968133
690728605,148.665682694642
690748594,148.664467044175
690798770,148.666200706735
690988368,148.653047767933
691048155,148.649031460751
691098545,148.645700552268
691128543,148.643869951367
691188427,148.644809335005
691198403,148.644130000146
691238481,148.641477592755
691368349,148.63273352338
691448348,148.64916133834
691458319,148.648553773062
691488300,148.646711037727
691538434,148.643484904896
691628566,148.636481401743
691668529,148.634044111473
691688394,148.632741560694
691718377,148.630660365336
691738470,148.629248003243
691808297,148.626721320907
691868402,148.622781012207
691928295,148.618513907772
691968439,148.633244143566
691988191,148.631996365963
692048330,148.628277564421
692108566,148.624548964319
692128636,148.623258692562
692208769,148.629407593166
692348175,148.621267319715
692528352,148.625871391385
692548428,148.624857064569
692608481,148.619217622734
692948392,148.600889141555
693008186,148.605167389731
693227600,148.603463660053
693247653,148.602247982519
693337365,148.597211287473
693357380,148.596070130938
693377361,148.594949467457
693667222,148.578854899562
693797376,148.579666567268
693997226,148.569408864598
694018463,148.568222222151
694068307,148.565235360293
694148155,148.56046096643
694238608,148.559558062698
694268440,148.557795246365
694348351,148.552876494243
694368308,148.55164436152
694408381,148.548824853147
694418394,148.548230743152
694438416,148.547010308306
694478411,148.544608297118
694588361,148.531650565565
694608281,148.530424299359
694628308,148.529162133287
694668331,148.526645069127
694728574,148.522909407329
694778185,148.520009916276
694788738,148.519350537914
694798266,148.518740837579
694808241,148.518135777558
694848229,148.51560496114
694968141,148.515095301555
695028265,148.511388502899
695048162,148.510235391208
695108315,148.506443836726
695168444,148.504004217684
695248460,148.499006547267
695328419,148.493939023581
695388533,148.495876569243
695408242,148.494641547906
695508327,148.488407260971
695668737,148.48613415577
695708516,148.483559073065
695738851,148.481674990035
695848661,148.469241813407
695888263,148.466696727672
695898761,148.466003739741
695968352,148.461415513011
695978378,148.464454196335
696088436,148.457388018258
696148321,148.453475450689
696188473,148.452960782975
696198627,148.452302472782
696248324,148.448994114529
696268177,148.447673292947
696328342,148.44372915104
696388450,148.444089986268
696408349,148.442775810952
696568355,148.444405130693
696578219,148.443720693351
696588398,148.443042433297
696718644,148.434763182304
696728661,148.4340849531
696748245,148.432766455924
696778427,148.430039049359
696808188,148.428040926228
696828431,148.426811322803
696858431,148.424802883121
696938263,148.419642391149
697088310,148.411537566804
697128445,148.408946369891
697188635,148.408886225778
697228446,148.406325696735
697268278,148.403709762497
697328424,148.399764648231
697348138,148.398445883766
697368217,148.397145871597
697408179,148.40244339616
697428168,148.401195810351
697468110,148.398607978481
697488309,148.397281378217
697548467,148.393460188003
697588476,148.383404369815
697628686,148.38084878365
697728327,148.374232072616
697769016,148.36389148829
697848642,148.358537539665
697888594,148.355675963569
697928589,148.352956346353
697988687,148.350135173358
698008314,148.348717186251
698017394,148.348041994614
698067313,148.344662341231
698107345,148.34189068072
698207155,148.333564024593
698267353,148.329244273715
698347386,148.323636465124
698407421,148.324359065504
698467178,148.320248178847
698517453,148.316725461103
698587544,148.319019197137
698607612,148.317712465068
698627626,148.316266640613
698807579,148.310840038117
698837579,148.308857873257
698857606,148.307364998851
698907351,148.303942109691
698937654,148.301879119943
699028400,148.306782687781
699058393,148.304872260662
699208323,148.302749157185
699228357,148.301399297488
699258417,148.299438552582
699278345,148.298073249927
699358417,148.292679463746
699408280,148.292222058401
699458309,148.28900715959
699478374,148.287597284419
700278349,148.249196467106
700328355,148.24590846122
700408630,148.236868715263
700468183,148.232733668527
700619074,148.218540395494
700668381,148.215073054947
700728350,148.210769539699
700788371,148.209134018165
700818375,148.206993500004
700838371,148.205614891078
700988284,148.196790792223
701058442,148.191801422276
701198391,148.193132902496
701208349,148.192454276606
701228421,148.191011181218
701258196,148.188832837739
701278400,148.187489269127
701288354,148.186748738284
701368418,148.180967834895
701378393,148.18025719584
701388368,148.185184374335
701398469,148.184439487522
701438437,148.181617863011
701458306,148.180261649832
701478371,148.178779032547
701608710,148.177144828776
701648346,148.174410751672
701678407,148.172280886094
701738417,148.168138946057
701768354,148.171945779992
701828185,148.167809865554
701988417,148.159399473574
702028429,148.156626090175
702078660,148.153126733261
702168414,148.152332680998
702228268,148.148219086812
702248166,148.146847835509
702308208,148.142709032749
702368254,148.138517203741
702388326,148.132339827833
702448297,148.128036513925
702508532,148.123694411828
702528532,148.122311566607
702538625,148.121547270799
702588698,148.127277419553
702628352,148.124387792835
702748334,148.115731796075
702768293,148.123227266886
702788436,148.121821724577
702828355,148.118976511294
702848219,148.117598356563
702948216,148.110244260286
703058497,148.112445698935
703078791,148.11095494614
703188472,148.104190986662
703238426,148.10052252491
703278397,148.097524068318
703318404,148.094628447376
703338481,148.093079165847
703448440,148.088278941228
703458549,148.087499781512
703478632,148.086010213243
703568359,148.085260232561
703588247,148.083819860301
703648295,148.07934935682
703678342,148.077065073187
703728400,148.07332714845
703748572,148.071812167298
703828658,148.082111733151
703868339,148.079186333111
703878711,148.078509226034
703918661,148.075509644928
704059050,148.079743808543
704078972,148.078355583712
704228200,148.072961076046
704238316,148.072279865504
704258337,148.07074220269
704308211,148.067125564965
704408501,148.077092962805
704418420,148.076266242424
704458604,148.073439588828
704638376,148.068067607936
704908239,148.050074857369
704988485,148.0640428802
705008475,148.06269210804
705028524,148.061210907414
705328266,148.044150213944
705348432,148.042788751249
705408350,148.058781482046
705468479,148.054407445132
705478585,148.053691829555
705528556,148.050139140163
705558644,148.063396214566
705668424,148.055605343194
705728434,148.051345956628
705958411,148.056274278264
705978411,148.069622379262
705998851,148.068295874458
706038860,148.065502633108
706228358,148.058784403722
706258448,148.056672599574
706448512,148.063150435046
706478631,148.061093935219
706498643,148.059711175447
706608589,148.070384345367
706668646,148.066418353817
706808161,148.066482193593
706868268,148.062385184632
706938460,148.057526178192
706978802,148.070563890506
707008227,148.068456259556
707048328,148.065765439533
707268276,148.072685223306
707348283,148.067305593286
707388367,148.092571029149
707408442,148.091291229182
707448375,148.088748335605
707468604,148.087482077419
707488597,148.086143667053
707548489,148.082320297253
707568350,148.100989009079
707608179,148.09849910927
707628379,148.097243305587
707688488,148.093537239591
707708370,148.092267354601
707748445,148.089683311176
707768352,148.111843628692
707888344,148.104520358378
707918441,148.102688380517
707948466,148.10087892157
708028254,148.104949454602
708048261,148.103659016662
708058341,148.103092263569
708168302,148.108683943166
708188322,148.107500140672
708238325,148.104393841175
708258402,148.103113042831
708408651,148.100724968186
708438771,148.098846263834
708458831,148.097544692224
708478994,148.096321036224
708489038,148.095688790549
708499017,148.094980204711
708568413,148.10817926575
708628350,148.10435623076
708638501,148.103777691256
708738258,148.09739225771
708888386,148.108407708758
708918547,148.106572782155
708948729,148.104743925331
708968764,148.124512494833
709018958,148.121517007938
709038485,148.12036688329
709168384,148.127478782902
709188464,148.126297775947
709238456,148.123248586431
709248383,148.122657118249
709258453,148.122002126649
709368397,148.115331771201
709408513,148.129892498604
709418601,148.129272935854
709458719,148.126940994756
709488518,148.125132443209
709548214,148.121435970883
709588378,148.141522170161
709628344,148.139184782049
709688422,148.135705838678
709708183,148.134528468188
709768429,148.138834146608
709808276,148.136411462678
709868553,148.132790550648
709988893,148.150648166775
710028271,148.148356690945
710248358,148.160168664472
710268361,148.15909062326
710358391,148.154060525645
710448227,148.16214516951
710488495,148.159902226063
710588514,148.175747808651
710598454,148.175278701703
710778231,148.190270418767
710878432,148.184999717836
710898563,148.183931579522
710958804,148.180643520958
710978814,148.191936825286
711098437,148.185423874529
711118464,148.184349154355
711168379,148.200263924082
711178447,148.19966969121
711228226,148.196912695887
711288459,148.193640060432
711308500,148.192540409975
711378589,148.188655301929
711398527,148.211913204053
711418656,148.210928029846
711488476,148.207185816194
711668524,148.219019581447
711778252,148.233764905599
711798731,148.232763599139
711808771,148.232290487736
711818823,148.231860503816
711908814,148.227351654205
712008193,148.233395364427
712038235,148.231881087442
712288368,148.236778491235
712408831,148.246587122092
712608230,148.244107542792
712628252,148.243060513516
712688524,148.239912152523
712758461,148.258332594181
712778288,148.257452831895
712828438,148.254860815417
712888318,148.25176128844
712968170,148.266804513696
712978437,148.266248836415
713048379,148.2628635047
713098533,148.260447557812
713168380,148.280500048539
713188508,148.279542899778
713308522,148.273840292357
713378698,148.291201557557
713448359,148.287856644252
713468399,148.286926605739
713568504,148.302669340745
713578492,148.302294256748
713588513,148.301781670016
713598773,148.301328306436
713608198,148.30085888668
713688186,148.297154096654
713788391,148.315374276193
713838469,148.313051285921
713859047,148.312142181065
713879046,148.311364478257
713919121,148.309534589644
714088187,148.320453561726
714128242,148.31874362519
714218595,148.330664224311
714238607,148.329783950467
714288625,148.327630210959
714308626,148.326771259453
714368684,148.324220651761
714418789,148.343922450265
714468565,148.341924064152
714688600,148.357831679401
714708575,148.356988744636
714768735,148.376550342015
714808420,148.374930256628
714828483,148.374221130565
714848894,148.373349301866
714888924,148.371849728865
714968289,148.385241595272
714988502,148.38445174729
715088423,148.380664945755
715488212,148.381525736855
715668498,148.380377201596
715768384,148.38609412525
715778668,148.385628410848
715798556,148.384861485596
715868290,148.381732512411
715968221,148.399204251618
716028284,148.396633464785
716058289,148.395320776908
716108373,148.393178645114
716158504,148.394961415208
716188363,148.393584381207
716218555,148.392224139709
716238618,148.391254414106
716388228,148.404502431396
716568312,148.40287996002
716588506,148.401894370967
716828587,148.398242149618
716908241,148.393770346767
716988295,148.406439084793
717048376,148.403018703335
717068347,148.401849517599
717188260,148.418888456654
717248536,148.415396340657
717288519,148.413020441774
717308355,148.411820790265
717368327,148.408473143354
717428246,148.404883700889
717448246,148.403604339808
717548246,148.397281563841
717608330,148.404261287767
717648575,148.401505704969
717688248,148.39872629568
717768213,148.403754492756
717808251,148.400880521396
717828252,148.399394494249
717898332,148.393904190511
717958253,148.388797375141
718048258,148.393487138906
718088259,148.39066422754
718268537,148.415919610299
718378298,148.425371659454
718468263,148.418381527998
718598458,148.411653916352
718668267,148.405755829532
718688267,148.403973629233
718708347,148.402078717016
718788381,148.408468876267
718808746,148.406811230583
718818270,148.406010223553
718888270,148.400111492258
718908330,148.398291196674
718948552,148.394535578322
718968290,148.406288543716
719008497,148.402993863914
719038275,148.400511080399
719088301,148.395813363139
719188467,148.387810011394
719258552,148.380739464425
719278593,148.378639386501
719388460,148.36623014044
719428426,148.362252488732
719448508,148.360266986303
719568373,148.354785626289
719618474,148.349790664623
719668676,148.345461582998
719688790,148.34370899573
719828597,148.328066414222
719888285,148.321386714932
719988289,148.293390873587
720028509,148.288565558847
720088311,148.282666403567
720178438,148.254424550221
720248656,148.245975618716
720288314,148.240552756237
720348297,148.233384754974
720358376,148.232459536288
720448317,148.240936663351
720488471,148.235361605184
720558492,148.225628438755
720628320,148.228520045988
720668316,148.223642009893
720688403,148.221105431789
720738683,148.215007048275
720768322,148.21595984383
720778320,148.214829380275
720798349,148.212480003946
720868329,148.203228085535
721008388,148.205277906032
721018464,148.204275395488
721188559,148.206655365881
721238672,148.20274065691
721308521,148.195111418609
721368403,148.190503548132
721428301,148.202299245866
721508523,148.195276790997
721588693,148.189829790033
721628872,148.186711088987
721768878,148.179543807171
721788285,148.178112558904
721848337,148.173948072945
721888326,148.171311166137
721968810,148.172099945717
722008290,148.169622663758
722107424,148.163307684823
722187608,148.174023830972
722287403,148.168376647489
722307388,148.167259156151
722367326,148.164103095914
722387347,148.172366575222
722407326,148.171379678533
722447347,148.169417623023
722507320,148.166618326388
722627632,148.156522101694
722657744,148.155146162724
722787633,148.143373318133
722837332,148.141203025822
722997334,148.139828965155
723018407,148.138895522279
723038339,148.137953366619
723108376,148.134800442669
723798407,148.112971295835
723828385,148.111523546075
723858386,148.110071694478
724018582,148.093405085267
724038642,148.09238973842
724058565,148.091386791493
724328583,148.08119957603
724508517,148.07164798514
724578878,148.067121543456
724708382,148.060026812484
724728407,148.058947174926
724788383,148.057463833014
724808390,148.056334695371
724868365,148.053062797931
725118581,148.045555456833
725178940,148.045344834449
725288442,148.039209465438
725308445,148.038139007345
725318441,148.037608394341
725378484,148.034082203987
725398489,148.032725202269
725498441,148.027125329187
725518440,148.025933230878
725578455,148.021319249587
725598550,148.02015439095
725648930,148.017279537104
725778480,148.00861550821
725798445,148.007473167556
725818441,148.006288764474
725838433,148.005227083748
725988427,148.002174517373
726018428,148.00035257882
726038446,147.999184474582
726058417,147.997961536108
726108263,147.994904852705
726188441,147.994989369065
726208436,147.993732603267
726248438,147.991329172917
726258444,147.990807365975
726278480,147.989526816644
726398293,147.988869562745
726418373,147.987671751238
726438482,147.986491818447
726508439,147.982304978301
726608791,147.982708423981
726628821,147.9815763511
726748364,147.974291392486
726808438,147.97101378988
726828434,147.969791472889
726868462,147.967412265483
726908493,147.964978751261
727087666,147.95484596293
727287416,147.944125803013
727387463,147.93323249009
727407416,147.931945265154
727437424,147.930028741946
727457312,147.928771119099
727557696,147.922204305534
727607750,147.92394321051
727617755,147.923209403991
727687398,147.91874975228
727707600,147.917356700811
727727694,147.916152601712
727787507,147.909476949892
727817641,147.907569969131
727847685,147.9055365643
727857624,147.904876973247
727927415,147.900174704148
728007325,147.889371258672
728018366,147.888599480444
728038462,147.88724447717
728058530,147.885905335075
728079024,147.884559796425
728188393,147.882970966108
728228418,147.880232835072
728248432,147.878868488013
728258417,147.878184600442
728408446,147.860007860698
728418421,147.859272861388
728448395,147.857139460335
728458392,147.85641178221
728658429,147.848475208972
728718396,147.844078763272
728808307,147.840701915906
729028684,147.831089538173
729068817,147.828096690704
729208375,147.823520793056
729268454,147.81907036691
729328338,147.8147040935
729348290,147.813100894564
729388422,147.810117478773
729448670,147.815562738921
729468752,147.814077215968
729529021,147.809732018854
729588828,147.802468833514
729708676,147.793665169971
729788730,147.792985102395
729998569,147.768452526303
730029222,147.766260150529
730198455,147.75773190998
730218409,147.75630098104
730418395,147.730714347097
730438467,147.729233446822
730458533,147.727738880436
730628379,147.71257317136
730658391,147.710280078056
730708449,147.706407331279
730728689,147.704836001911
730748640,147.703102295462
730768535,147.710408208135
730888412,147.700028836203
730898700,147.699225076707
730978410,147.698963084607
731108436,147.686528606224
731118401,147.685496845399
731388350,147.676347270841
731398394,147.691521482542
731468659,147.683261123952
731508649,147.678459986346
731848278,147.659132958855
732008689,147.65821275115
732047885,147.653944320977
732107483,147.649013460614
732117446,147.648191592656
732187475,147.681040331721
732247445,147.678828843869
732267556,147.68077270966
732327484,147.686999464408
732387386,147.73108181823
732427538,147.730228804983
732437579,147.730021783151
732507690,147.725795952603
732617564,147.745793473907
732647414,147.74371331837
732687463,147.738579368219
732867784,147.685785943642
732877459,147.683872832917
732897738,147.679176486097
732977562,147.661928445101
733098436,147.640347973444
733258412,147.587474031374
733278445,147.581616403535
733298479,147.574977158569
733518847,147.460238534957
733578435,147.436750772409
733668513,147.408943899907
733708412,147.395680128597
733718407,147.392535703257
733888521,147.336363872513
733928575,147.325391744263
734008780,147.278852975927
734088350,147.25620408915
734108441,147.250783863943
734128240,147.245222406462
734228301,147.222308637225
734288426,147.20949379215
734358418,147.198324229568
734388543,147.191999822389
734468782,147.17971489206
734528421,147.172519574873
734588472,147.168382117525
734668558,147.163848527707
734918673,147.170324570499
735088436,147.176585690118
735098547,147.176809351891
735118416,147.176464233547
735138452,147.175577098504
735188505,147.166678234003
735328405,147.17156273406
735448295,147.175293664448
735458847,147.17608188279
735578434,147.182816976681
735638476,147.190971448086
735948885,147.21295637358
736008414,147.213514866307
736078435,147.213750215247
736268232,147.217837098986
736348567,147.214335788041
736408772,147.227235868573
736598492,147.225496172905
736608299,147.225414067507
736738398,147.2253332119
736748443,147.225425312121
736758285,147.225494965329
736768326,147.225581028499
736878588,147.225257122424
736898671,147.224107804708
736908657,147.223317988217
736918808,147.222459725104
736928849,147.221529047005
736938836,147.220574854873
736968872,147.21820074413
737048504,147.241580824368
737248468,147.219522665255
737308523,147.215068344027
737368434,147.21107641235
737508519,147.215771387331
737688257,147.219766058959
737908856,147.223186189309
737919099,147.221366298385
737988987,147.231224125251
738107551,147.202103470452
738377577,147.165413234383
738507446,147.116484456696
738527445,147.109310985543
738587421,147.112299866974
738627446,147.097772538662
738687501,147.07700694073
738707405,147.070880180225
738747523,147.059485585429
738938091,147.023164598271
739047374,146.979376523057
739067876,146.974489067215
739147426,146.958660950884
739207306,146.960312888492
739227264,146.956872201525
739287509,146.94794670213
739307592,146.945534701459
739388094,146.937188151293
739527450,146.96575692948
739627451,146.968777321279
739687432,146.976843212731
739707453,146.978745315224
739947521,146.985344334506
740018429,146.982725800946
740038520,146.98427750729
740058450,146.984920672141
740078480,146.984963355586
740108427,146.984894184396
740128426,146.986145517789
740228449,147.015230746008
740428437,147.052323197946
740478481,147.055851849727
740608440,147.082381507382
740648446,147.084599517286
740848813,147.122311848216
740888425,147.121915445663
741108718,147.149241660722
741118450,147.149438899942
741368770,147.185379302595
741478275,147.21167546956
741488309,147.212166407029
741508393,147.213315294124
741528282,147.214764578966
741568450,147.240303214639
741598456,147.241676057223
741608465,147.241765694693
741618293,147.241711730137
741628329,147.241490908898
741688285,147.238770972937
741708365,147.238643324003
741768610,147.30329310894
741848862,147.301607324742
741988450,147.346311782487
742307791,147.352355624549
742327690,147.351410234347
742407533,147.330924267881
742487442,147.326478070579
742547464,147.320130159147
742557703,147.319160493091
742587441,147.309870186262
742627497,147.305188887753
742707446,147.29418835789
742727504,147.291493257508
742837903,147.249941654503
742947443,147.222065575421
743027436,147.22556267865
743037434,147.222701064311
743237373,147.160872412845
743327894,147.131949711591
743347917,147.125042113476
743387460,147.111544506624
743637472,147.060784126632
743727695,147.045247788541
743767812,147.084747775458
743838093,147.075169751421
743868037,147.072742810473
743887509,147.071070108563
743927678,147.067349880002
743947754,147.065451880917
744007225,147.10093588382
744067288,147.100794040598
744107262,147.101169340312
744127341,147.101496821269
744147426,147.101952054538
744207562,147.101868761703
744267950,147.10714916978
744367533,147.116715392098
744427533,147.133637950756
744447442,147.136492737569
744467469,147.13873228617
744507462,147.141961474903
744567467,147.168879630975
744647446,147.187227293849
744727451,147.196960593574
744747537,147.201022396795
744867484,147.243745636195
744947442,147.257483702153
744987502,147.288469839841
745017467,147.295862591825
745277897,147.363835964352
745397461,147.408568616025
745407490,147.409904445056
745417587,147.411196245579
745427460,147.412432081299
745467458,147.417174860951
745477457,147.418537434191
745487530,147.420036901138
745497459,147.421610226855
745507460,147.423197589349
745517478,147.424757995643
745527459,147.426295336802
745537477,147.427864702418
745547436,147.429503224324
745557444,147.431145101786
745567502,147.456587929744
745577459,147.458111870568
745587607,147.459499138873
745627341,147.464102922007
745667684,147.467892020009
745747619,147.476736041717
745827463,147.501743653789
745947390,147.510245027021
745987440,147.539473137818
745997473,147.539954125881
746047709,147.542520000599
746427524,147.60422593262
746677682,147.647160953842
746687714,147.646923262626
746707726,147.646516749635
746837289,147.662370554172
746867332,147.659245968796
747028518,147.714919520542
747068668,147.713871758431
747118772,147.711993774399
747468482,147.770861590281
747508443,147.763291429728
747548442,147.753970684484
747718296,147.726043994538
747728688,147.723268864676
747738907,147.72057395149
747748931,147.718026306946
747758984,147.715632610489
747768983,147.73275353713
747868469,147.710375470808
747938441,147.692597740795
748058549,147.66039693635
748228372,147.631571917795
748238890,147.629519105889
748308467,147.615676676854
748328536,147.612469099462
748468463,147.620669683442
748548452,147.612062499858
748638711,147.645141610876
748658913,147.64416823443
748748910,147.641513712704
748788482,147.648939422332
748828449,147.650914660655
748908583,147.655519709922
748968665,147.662585466169
749068592,147.679050507955
749268496,147.732387724333
749308449,147.74111771863
749368578,147.76180934906
749428454,147.809367296286
749468504,147.817386806011
749488516,147.821670415811
749508475,147.826939154416
749688338,147.891494913027
749748948,147.914100510068
749828545,147.954133716412
749838477,147.956463561393
749868456,147.96406833455
749878449,147.966836671345
749888453,147.969701601192
749918474,147.978427176364
750128508,148.048966989387
750198968,148.087913207361
750208915,148.089856990147
750218909,148.091800417518
750229071,148.093708019471
750238977,148.095524406061
750248527,148.097255362198
750258582,148.09890997503
750268584,148.100554789416
750278526,148.102184050251
750288505,148.103835197631
750298504,148.105534516741
750308500,148.107324768789
750318506,148.109246039763
750328559,148.111343916506
750338540,148.113569388166
750348528,148.115875542164
750358585,148.118135635741
750368599,148.120365558192
750378506,148.122548894957
750388563,148.203773013316
750398516,148.205888574943
750468528,148.217604343779
750488526,148.22072103899
750518504,148.225771461613
750618519,148.312258352526
750788565,148.369419277646
750818505,148.374866482802
750888524,148.386925708503
750948501,148.396990900859
750968386,148.391722787172
751148711,148.418275067583
751228436,148.435132120736
751288291,148.440328403376
751308374,148.441703208722
751348369,148.443843024783
751368453,148.44501231052
751428509,148.465203495696
751448380,148.465028577484
751508366,148.462870463729
751528403,148.463057315908
751568560,148.500470173545
751628720,148.502474532463
751708569,148.50304424949
751728507,148.504582321271
751748461,148.50611192733
751828562,148.533312129788
751868525,148.533719890751
751928567,148.53478335496
751948459,148.535569583997
751968556,148.543857047334
752028437,148.544166087173
752088682,148.539635175839
752158901,148.550672092475
752548331,148.485064972774
752578443,148.50272426731
752618601,148.495812617708
752638700,148.492397974245
752708484,148.480391995981
752768454,148.469882032834
752828474,148.456371788867
752868475,148.448115454987
752968476,148.399198182859
753028312,148.390650543384
753068467,148.384633208625
753268478,148.343325887807
753378401,148.327573739924
753418406,148.282428797334
753428447,148.280634189956
753438327,148.278837708756
753448371,148.27699840907
753468453,148.273077108897
753478497,148.270991776139
753568692,148.251096760854
753648346,148.207862194628
753688399,148.207677208819
753788507,148.154575208202
753818462,148.158506026492
753848395,148.164613039233
753918387,148.179353013635
753938405,148.182636267506
753968589,148.15077485051
753978632,148.152255671099
753988673,148.153957175091
754048843,148.166645530611
754148894,148.183207196184
754168464,148.161896175705
754308692,148.182284256443
754328695,148.184662320651
754368717,148.190198174678
754388798,148.168397742324
754428506,148.174470259808
754478468,148.180169505998
754488521,148.181115588173
754498317,148.182079708204
754568579,148.169356694445
754619152,148.173044114374
754629128,148.173533105291
754668468,148.175257413648
754708488,148.17657176964
754728487,148.1769494256
754768466,148.201007995754
754828488,148.202576823533
754838489,148.203029323369
754858522,148.203918795101
754968417,148.210466209799
755048891,148.21544592455
755068732,148.217108628713
755108458,148.220007058233
755168404,148.209613604471
755428796,148.20741700381
755468498,148.215537552722
755548569,148.235698362812
755629135,148.235895492136
755668495,148.246800167486
755678497,148.249561683275
755848495,148.265471362509
755868495,148.270764674991
755908501,148.281578633934
755948471,148.291687960736
756028766,148.294743490405
756128412,148.321319427341
756228432,148.342536550015
756268432,148.353373192251
756308359,148.365195447579
756328372,148.370555455796
756448473,148.419091318734
756468539,148.424797676504
756548729,148.448972230777
756628499,148.466938523576
756728566,148.493774005212
756788605,148.566181011498
756848493,148.577390303835
756868495,148.582577378489
756888600,148.588710800745
756928431,148.601093303412
757048755,148.698607677594
757088366,148.710483471863
757148431,148.730639133602
757228529,148.802381236106
757268696,148.819476638921
757308718,148.836416731589
757528634,148.896986405365
757579155,148.914203880355
757589262,148.916609006934
757618534,148.923339466564
757878495,149.041653235443
757898485,149.045164474286
757918541,149.048774911556
757948345,149.054603002965
757978457,149.108655521413
758028326,149.115790877957
758089044,149.124266917584
758128510,149.130308710039
758138510,149.132035872433
758188597,149.1186937202
758198505,149.120367704192
758208469,149.122040026821
758218513,149.123688585358
758228503,149.125345867593
758238493,149.126934168395
758248492,149.128384538926
758258487,149.129744848702
758268492,149.131081838161
758278492,149.132451573852
758288603,149.133847591467
758298503,149.135302048177
758308495,149.136843703222
758318508,149.138432946522
758328327,149.139967307448
758338422,149.141424525529
758348406,149.1428265539
758358482,149.144229713362
758768400,149.074733890593
758828449,149.076911463402
758868314,149.077185010538
758908480,149.07783836592
758948642,149.079939251766
759048984,149.060849337839
759088509,149.062996259891
759128523,149.06610744074
759188519,149.065726839937
759248493,149.071131891571
759288562,149.073308158666
759308491,149.074779946357
759388564,149.091450128704
759448452,149.096159637906
759678490,149.09889079351
759698471,149.100092735142
759718572,149.101099914871
759968581,149.098819837905
760068490,149.101941555738
760288417,149.104680043645
760428707,149.084353637882
760488388,149.082876360975
760509158,149.082121171989
760529184,149.081767912023
760559301,149.058303964324
760668518,149.057048397139
760688549,149.05651433114
760748652,149.054066522047
760888613,149.041834124364
760918756,149.041077369824
760968784,149.048002435826
761028421,149.048418136314
761128379,149.046245464124
761168337,149.043384825811
761188472,149.043493111618
761288519,149.043652184308
761348465,149.041298620403
761388623,149.030263056979
761468933,149.0298965564
761508954,149.029869025573
761618514,149.002958966419
761708492,149.003943671472
761748587,149.003841950558
761928586,149.002391864546
762068504,148.997455679812
762128483,148.996618178673
762148543,148.996660399251
762168537,148.995619032532
762178552,148.995962767862
762228372,148.99689690955
762288656,148.995554886758
762328507,148.994078148156
762428857,149.003673208877
762438322,149.003711816855
762529063,149.002248611301
762578485,149.007020301186
762628505,149.002522999421
762708507,149.005832087249
762728505,149.009451230988
762768512,149.032819444314
762798507,149.034950395115
762868410,149.028151508421
762878455,149.027592218481
762908591,149.029230207205
762968954,149.077476393431
762998976,149.082675084472
763087501,149.085373671725
763097500,149.085568640381
763127533,149.086989194155
763187437,149.099154617637
763197476,149.100024769083
763217553,149.101743294857
763267610,149.105192028917
763307763,149.107666065916
763327843,149.109166668728
763347909,149.110666959547
763387999,149.103042569943
763467944,149.106838080101
763518103,149.110844028182
763527643,149.111780149862
763567385,149.116742664017
763587466,149.118003120646
763727476,149.124078107998
763787409,149.147141738795
763867664,149.151624100283
763948236,149.156427741051
764068524,149.175617296249
764088464,149.176789223216
764388622,149.206865845248
764508516,149.214535934851
764528550,149.216021405533
764968500,149.258445028216
765038494,149.245290186256
765068499,149.249108735472
765168340,149.262903978117
765188562,149.264490789734
765248444,149.26960840635
765308593,149.27534667775
765368839,149.279804044403
765388355,149.281882928684
765449233,149.284983402118
765488722,149.288102296181
765908885,149.303350123577
765968523,149.309365687892
766088464,149.30751310382
766128460,149.307196063921
766168417,149.297383261845
766178458,149.297234967351
766228373,149.295395704918
766268516,149.293168000877
766308681,149.29102254007
766328674,149.28996582143
766368786,149.287825726904
766488497,149.264350030571
766508520,149.263106663711
766548563,149.260811814107
766608518,149.244129040278
766688553,149.238937372342
766768592,149.235183467157
766808479,149.218929022551
766868385,149.214851843193
766878965,149.21429474093
766908945,149.212821451947
767088516,149.205835981295
767188549,149.206963889766
767478536,149.205886927433
767568474,149.202498381026
767808556,149.208981957752
767898940,149.205007361015
768008517,149.207566448022
768088441,149.205050446559
768128442,149.203804529272
768188551,149.179720781045
768268775,149.176886003232
768288845,149.176173931221
768508751,149.132967836922
768668413,149.099734821357
768708462,149.097894757986
768728771,149.096879925579
768748851,149.095889023505
768768936,149.071183683351
768809005,149.069078642176
768948547,149.061753138434
768968499,149.060689601814
769008595,149.058679132722
769068529,149.055395998294
769088523,149.054280056618
769128552,149.052114473423
769268489,149.027568280231
769368960,149.021329227835
769468521,149.012573896907
769658523,149.007499341154
769678634,149.006316372426
769758678,149.001406408846
769788619,148.993993055541
770288797,148.961998277344
770328847,148.959034428
770578882,148.938322561327
770668479,148.931080464739
770888387,148.92420553416
771008510,148.922355467919
771028407,148.920688661747
771108438,148.914063438773
771128432,148.912263156846
771148514,148.910474243108
771208626,148.924398513976
771288816,148.917187205981
771309008,148.915150961839
771339000,148.911967566237
771368505,148.9088427932
771428575,148.92971258983
771488386,148.924881229643
771568681,148.931815402117
771608535,148.928491300903
771809208,148.956345988438
771888517,148.950172073673
772008551,148.976941662375
772118529,148.969544488471
772208474,148.995760767255
772478745,148.981044862419
772628526,148.994963782141
772698695,148.991744325496
772718567,148.990778299049
772728617,148.990294135874
772809095,148.997759273159
772918568,148.992679426039
773348637,149.007680604496
773628507,149.03456835766
773708971,149.031514844741
773888559,149.042279824323
773918589,149.041126227734
773928547,149.040831198596
774028534,149.05511121609
774108556,149.052296407259
774128515,149.051633554744
774138623,149.051297198836
774228362,149.054169374693
774258980,149.053063810832
774298516,149.05163549885
774428538,149.061101416562
774498511,149.058506369358
774588513,149.070462317555
774618519,149.069487970468
774868541,149.064951993409
774928534,149.062754653947
774968573,149.073576267983
774998585,149.072340817133
775028516,149.071379608009
775038569,149.070991729444
775088533,149.069132658187
775098536,149.068648548389
775128617,149.06750125697
775198781,149.080189204222
775228865,149.078965121647
775248764,149.078268571117
775268773,149.077477230458
775288534,149.076801157062
775508534,149.080021044094
775608397,149.073686455871
775678538,149.071095960622
775688517,149.070764217206
775888509,149.064184305898
775898513,149.063791665278
775908508,149.063336126274
775918507,149.06293373392
775928512,149.062556543096
775938640,149.062074820453
775948604,149.061611734069
775958517,149.061184101913
775968645,149.065123688808
775978599,149.064698982285
775988535,149.064306837798
775998504,149.063854389504
776008632,149.063467528351
776018581,149.063051599485
776048617,149.06172871255
776118648,149.058666969358
776128651,149.058222891297
776138718,149.057819359994
776148688,149.057459337491
776158584,149.056923635886
776188440,149.064002661093
776198458,149.063552002073
776208508,149.063203286787
776248594,149.061398585443
776288489,149.059725183499
776348747,149.056975298328
776358602,149.056532694667
776388604,149.061195834831
776428601,149.059405094915
776498605,149.056163843605
776518600,149.055350256676
776548481,149.053997112322
776558527,149.053361882456
776588580,149.055836427782
776628633,149.053994408168
776688766,149.051162982243
776748924,149.048344345239
776758866,149.047895592463
776798962,149.03890324285
776828549,149.037394282059
776849087,149.036376712145
776908604,149.033395465027
776988579,149.035938822897
777008582,149.034926722175
777018604,149.034428145271
777058578,149.032447647012
777088579,149.030868014786
777128422,149.028797779756
777208746,149.031934750092
777228663,149.030821509426
777268692,149.028895821422
777288593,149.027840177994
777308422,149.026816530997
777338530,149.025215668138
777348756,149.024643946439
777368651,149.023680327635
777378813,149.023087600886
777398581,149.030232739053
777448565,149.027663022629
777468622,149.026701918832
777508576,149.024606644467
777528600,149.023575065483
777568646,149.031182970386
777608596,149.02907594369
777648475,149.027008637553
777698764,149.02444196993
777738853,149.022278486867
777748575,149.021762844292
777848673,149.03062321787
777948582,149.025355436839
777988576,149.034653909912
777998671,149.034088632383
778048569,149.031629419274
778078552,149.030076832394
778098549,149.029035089712
778168586,149.033588570921
778188714,149.032486527925
778208812,149.031488896697
778248572,149.029575545108
778268687,149.028564763837
778278550,149.028031012131
778288548,149.027491968824
778328578,149.025461158599
778388536,149.037175828678
778428744,149.035246862448
778448592,149.034286348848
778468678,149.03332403375
778488412,149.032354816329
778498417,149.031892816827
778538470,149.029914475395
778558510,149.028974811081
778608663,149.021227106627
778628741,149.020226232242
778668794,149.01831167168
778688959,149.017213530897
778698960,149.016665124218
778708964,149.016128823278
778728939,149.015180342773
778738992,149.014571694133
778778838,149.028044949344
778798540,149.027176468808
778808549,149.026633475733
778818547,149.026156345033
778838883,149.025168173364
778858552,149.02419596503
778888656,149.022752619931
778898424,149.022263235645
778949011,149.0198350235
778968592,149.019898069964
778988638,149.018875392212
779008572,149.017830187746
779028594,149.016882793454
779068680,149.014896387584
779088417,149.013896169607
779108509,149.012943928159
779148832,149.010938533233
779158717,149.0104599552
779168774,149.020433921483
779228568,149.01758477831
779268611,149.015782684146
779368667,149.010916101281
779388662,149.018274355942
779408677,149.017305173329
779418404,149.016796996002
779448750,149.015359494777
779468697,149.014419510437
779568588,149.014753748779
779588653,149.013822631619
779608710,149.012945091468
779628748,149.011973913002
779648940,149.01090174506
779658932,149.010400979721
779698935,149.008441851765
779708938,149.007927533938
779728792,149.006959188322
779798547,148.999086731521
779808512,148.998572774115
779818548,148.998081469792
779868455,148.995447913534
779898652,148.993896644271
779958635,148.990796898666
779968688,148.984678352368
779988716,148.98363688495
780028531,148.981453913788
780048539,148.980409670621
780068589,148.979316706711
780088633,148.978310466686
780118714,148.976612240309
780128717,148.976069875702
780148746,148.97499649378
780158617,148.974522233359
780168671,148.983751426247
780208626,148.981680154218
780288546,148.977506180876
780388633,148.969808348164
780428552,148.967656664143
780528519,148.962340803118
780558397,148.960863742075
780568414,148.967711131118
780588620,148.966714088572
780598681,148.966255241015
780738741,148.958931844798
780748574,148.958420027629
780758580,148.957900890149
780768506,148.957380793872
780808531,148.950144333765
780868631,148.946933191794
780928552,148.943712485489
780958619,148.942052421393
780968586,148.947098328383
780998601,148.945537214051
781028687,148.943924741587
781048767,148.942850564083
781088679,148.940815080889
781208760,148.940638233558
781228580,148.939565484587
781268607,148.937398464186
781288608,148.936320882465
781348690,148.933151162404
781398476,148.928383361548
781408742,148.927820821118
781468539,148.924702469376
781508674,148.922583446227
781588855,148.934111098177
781628986,148.932066223701
781648855,148.931031426881
781688464,148.929069412756
781698910,148.928554063546
781708551,148.928021003725
781728904,148.926988220948
781739107,148.926456387795
781788412,148.934034127858
781858579,148.930558283755
781868606,148.92997099465
781928606,148.927013708628
781948695,148.926022547181
781968617,148.929528658744
782008463,148.927549435641
782028553,148.926603938016
782048779,148.925614327134
782088581,148.923617093125
782138756,148.921103468281
782148631,148.920593551884
782158588,148.920094897796
782168643,148.912942187511
782228466,148.909891936259
782238716,148.909341218416
782278693,148.907215286512
782288466,148.906711329008
782388610,148.901452602528
782408677,148.904604598298
782468715,148.901461704518
782528667,148.898340284009
782568796,148.883011584752
782598839,148.881516204041
782628583,148.879754418624
782668642,148.877515512519
782688601,148.876355262008
782698605,148.875801459129
782708605,148.875237923115
782728606,148.874111511977
782758475,148.872451617615
782788613,148.869277913414
782808773,148.868204469502
782828603,148.867001668725
782868625,148.864673892327
782908606,148.862322349276
782948618,148.860038849642
782988606,148.847352010082
783088634,148.841266132193
783098658,148.840677347267
783108657,148.84010737919
783128553,148.838864642777
783148561,148.837594379962
783168643,148.84091717971
783178580,148.840441096516
783228572,148.83740517823
783248587,148.836263811798
783258426,148.835599226295
783288381,148.833736360073
783298424,148.833115068148
783308713,148.832556173613
783348656,148.830164214713
783368679,148.828997894656
783388548,148.827777857659
783408550,148.833802976354
783448603,148.831471901038
783468577,148.830341789755
783488435,148.829218472703
783498632,148.8286713743
783508686,148.828150013898
783528654,148.826891127275
783538810,148.826299400069
783548693,148.825688035344
783588405,148.82745378837
783608498,148.826315249084
783628653,148.825166111928
783638740,148.824591475131
783688576,148.821667027543
783708607,148.820527481032
783768691,148.807532555307
784568556,148.749101926165
784648444,148.730399502208
784658394,148.729727672937
784848527,148.704111040104
784858532,148.703471666493
784868538,148.7027862533
784888769,148.701474802976
784968995,148.677720124484
785018993,148.674267520721
785049024,148.672190345183
785058793,148.671518512769
785068788,148.670861383784
785078831,148.670159609639
785088564,148.669465175946
785098565,148.66881663946
785108900,148.668125629134
785118583,148.667381131789
785128548,148.666690186306
785138609,148.666052870161
785148594,148.665391223156
785158421,148.664618602139
785168470,148.663702547899
785178515,148.663055111887
785188953,148.662348540325
785198580,148.661660236656
785208627,148.66097164934
785218981,148.660278753028
785228546,148.659596458543
785238995,148.658961938694
785248576,148.658226903935
785258546,148.657555144164
785268564,148.656822506047
785278564,148.656154457363
785288564,148.655455819448
785348678,148.651247854461
785358565,148.650582382572
785368559,148.649862428079
785398572,148.650409067865
785448674,148.647041688731
785458404,148.646397551056
785488731,148.644294650061
785508835,148.642953698814
785538777,148.641007882426
785558606,148.639562108438
785598610,148.63905653829
785778647,148.624994446291
786038646,148.598747566517
786168666,148.589583988301
786188674,148.577677652356
786198434,148.576998456381
786228646,148.574772018939
786238667,148.57410315203
786278642,148.571287106723
786288594,148.570561746077
786298582,148.569847301929
786308565,148.5691299967
786318546,148.568398079369
786338546,148.566983854864
786348602,148.566306058783
786368567,148.564864698565
786378614,148.564199488028
786418666,148.543021153018
786428628,148.54227325879
786438380,148.541531793075
786468398,148.539378296176
786478693,148.538608429488
786488460,148.537870678352
786498476,148.537106297677
786508520,148.536379803205
786518565,148.535676831729
786528571,148.534952463466
786538577,148.534122927173
786548583,148.533364368719
786558618,148.532611131726
786568628,148.531852202374
786578629,148.535577152506
786588828,148.534841296845
786598850,148.534113860573
786608855,148.533392212878
786618614,148.532707961858
786628662,148.532010853756
786638935,148.531192828668
786648808,148.530457954854
786658947,148.529719134327
786668938,148.528977873968
786679003,148.528253979166
786688995,148.527544719283
786698871,148.526884843828
786988584,148.486090686289
786998540,148.48532669025
787008635,148.484565118211
787028575,148.483072078205
787038575,148.48231783486
787048649,148.481684632658
787078621,148.479405320075
787098659,148.477842347464
787108657,148.477099408803
787128742,148.475595599972
787338573,148.438010363141
787348606,148.437239889754
787358606,148.436457758071
787368555,148.435645826161
787378811,148.434912576922
787388387,148.434120652499
787398434,148.43414688413
787408602,148.433468430943
787418601,148.432619272731
787428655,148.431840038334
787438601,148.431064844248
787448732,148.430289850512
787458551,148.429519049823
787468518,148.428719483898
787478561,148.427943315357
787488556,148.427166418755
787498555,148.426407310297
787508553,148.425639612484
787518554,148.42483367736
787548727,148.422474317718
787568550,148.418658315786
787588603,148.417121964099
