Time,vcu.GNSS.longitude
611858134,8.56543540467681
612298010,8.56543548274992
612310855,8.5654354811706
612318219,8.56543548091909
612328214,8.56543548122674
612338238,8.56543547969864
612348255,8.56543547857583
612358264,8.56543547813073
612368089,8.5654354773794
612378135,8.56543557732128
612388135,8.56543557663672
612398131,8.56543557612266
612408280,8.56543557584025
612418161,8.56543557651222
612428131,8.5654355757782
612438180,8.56543557442827
612808289,8.56543567123364
612817980,8.5654356707741
612848217,8.56543566930604
612888110,8.56543566790785
612910877,8.56543566785391
612918133,8.56543566843599
612948139,8.56543566671423
612958109,8.56543570094416
612968114,8.56543569953147
612988110,8.56543570028671
613018106,8.56543569872826
613028103,8.56543569906723
613038205,8.56543569811649
613108243,8.56543569633246
613118179,8.56543569592967
613128017,8.56543569545458
613158189,8.56543569501639
613188123,8.56543571640693
613208156,8.5654357159234
613218095,8.56543571680981
613248124,8.56543571592288
613268127,8.5654357154063
613298195,8.56543571450685
613378206,8.56543568131663
613418161,8.56543567899228
613448158,8.5654356766416
613458123,8.56543567633221
613468122,8.56543567598586
613488123,8.5654356738601
613508220,8.56543567225731
613538231,8.565435670683
613548161,8.5654357818771
613568207,8.56543578178856
613618144,8.56543578044194
613648124,8.56543578049354
613658093,8.56543577960903
613687984,8.5654357787223
613708070,8.56543577828683
613768101,8.56543583719667
613808228,8.56543583742032
613888269,8.5654358348647
613958115,8.56543594932603
613998101,8.56543595021734
614008229,8.56543594930834
614067987,8.5654359510661
614088186,8.56543595015446
614118221,8.56543595018732
614168123,8.56543601867341
614188073,8.56543602015942
614198119,8.56543602068295
614208101,8.56543602057774
614217944,8.56543601984307
614238003,8.56543602036848
614268185,8.5654360205532
614308156,8.56543602177653
614318103,8.56543602180644
614358008,8.56543602247798
614368235,8.56543606206395
614388207,8.565436063645
614407980,8.56543606398782
614428269,8.56543606454915
614468205,8.56543606595526
614518103,8.56543606767824
614587996,8.56543604779774
615728214,8.56543611575504
615748196,8.56543611540299
615768252,8.56543613740515
615778277,8.5654361371376
615788194,8.56543613696481
615798209,8.56543613671896
615808276,8.56543613655576
615818186,8.56543613613487
615848221,8.56543613600936
615858237,8.56543613457809
616048304,8.56543620431497
616058295,8.5654362051183
616068342,8.56543620465527
616078245,8.56543620519501
616088206,8.56543620504066
616098202,8.56543620535795
616108207,8.56543620402551
616118210,8.56543620471696
616128249,8.56543620345088
616138313,8.56543620398492
616148097,8.56543612903162
616158263,8.56543612821793
616168314,8.56543612723556
616178293,8.5654361274139
616188291,8.56543612617422
616198209,8.56543612570545
616208212,8.56543612440556
616218208,8.56543612427636
616228026,8.56543612487415
616238276,8.56543612403619
616248038,8.56543612253651
616258041,8.56543612243711
616268074,8.56543612138066
616278083,8.56543612145217
616288089,8.56543612052809
616298093,8.56543611932959
616308122,8.56543611926846
616318131,8.56543611723687
616328136,8.56543611729807
616338142,8.56543611595353
616348148,8.56543611592136
616358182,8.56543611452053
616388197,8.5654362350248
616408238,8.56543623388469
616418436,8.56543623251448
616468624,8.56543623172815
616488609,8.56543623019191
616508604,8.56543622943573
616518609,8.56543622957929
616548106,8.56543632618156
616608203,8.56543632664685
616618209,8.56543632637735
616688272,8.56543632493538
616738766,8.56543632477643
616748238,8.56543630018895
616758203,8.56543629930235
616768252,8.56543629950305
616778248,8.56543629961566
616788183,8.56543629840049
616808187,8.56543629805631
616818208,8.56543629755201
616848208,8.56543629566773
616868326,8.56543629542931
616878218,8.56543629517961
616888059,8.56543629491097
616908073,8.56543629516019
616918078,8.56543629414202
616988208,8.56543633491307
617008015,8.56543633482276
617017985,8.56543633411706
617048041,8.56543633446505
617088138,8.56543633380156
617118185,8.56543633219929
617168156,8.56543635586959
617178162,8.56543635563546
617188465,8.56543635595727
617248522,8.56543635456528
617258434,8.56543635482061
617268620,8.5654363545626
617288454,8.56543635354293
617298434,8.56543635394716
617308111,8.56543635351328
617318122,8.56543635215208
617338540,8.56543635207367
617368178,8.56543635246176
617378463,8.5654363461144
617387971,8.56543634439784
617408030,8.56543634461306
617418074,8.56543634311735
617488119,8.56543634013129
617508114,8.5654363391674
617518122,8.56543633884612
617548122,8.56543633808029
617657977,8.5654363952299
617668021,8.56543639491914
617698233,8.56543639485201
617708242,8.56543639522096
617788229,8.56543643081935
617818142,8.56543643134495
617848142,8.56543643091723
617878193,8.56543643013264
617888003,8.56543642914942
617908238,8.56543642881615
617918005,8.56543642937084
618008121,8.56543649417645
618048144,8.56543649420601
618118117,8.56543649409202
618188117,8.56543651508941
618217990,8.565436514512
618258230,8.56543651358107
618268275,8.5654365128761
618298315,8.56543651337033
618308180,8.56543651231082
618318208,8.56543651272034
618388216,8.56543660159858
618418027,8.56543660111871
618448226,8.56543660135812
618468273,8.56543660204691
618488140,8.56543660181811
618498144,8.56543660107755
618508213,8.56543660150158
618618141,8.56543661529675
618678183,8.56543661471796
618718143,8.56543661561803
618768174,8.56543670708556
618807983,8.56543670924105
618838059,8.56543670947363
618887986,8.56543671139305
618918399,8.5654367133188
618968175,8.56543666873075
619008167,8.56543666743978
619018157,8.56543666846525
619088060,8.56543666850576
619118301,8.56543666726146
619178167,8.56543668994792
619218377,8.56543669063411
619258401,8.5654366887724
619288378,8.56543668896461
619318029,8.56543668957169
619358599,8.56543668958111
619388713,8.5654367890194
619418693,8.56543678945098
619438784,8.56543678953442
619488153,8.56543679127975
619508195,8.56543679250143
619518146,8.56543679182796
619568236,8.56543683078436
619598147,8.56543683123181
619638176,8.56543683294812
619648129,8.56543683356455
619668233,8.56543683463641
619688146,8.56543683570336
619718150,8.56543683711987
619728122,8.56543683747924
619748150,8.56543686918338
619788146,8.56543687029776
619798190,8.56543687151341
619808190,8.56543687142806
619818232,8.56543687234082
619857975,8.56543687503271
619908042,8.56543687646135
619917973,8.56543687785734
619978318,8.56543693870891
619988148,8.56543693844332
620018152,8.56543694089129
620058133,8.56543694303061
620088131,8.56543694573019
620098198,8.56543694682752
620108178,8.56543694755147
620208195,8.56543699750871
620218151,8.56543699822308
620248154,8.5654370000148
620287953,8.56543700537662
620308020,8.56543700711275
620318238,8.56543700802122
620388352,8.56543709727845
620408181,8.56543709957027
620458239,8.56543710477013
620468345,8.56543710577832
620498053,8.56543711001281
620508343,8.56543711144967
620618206,8.5654371276368
620708158,8.56543713892277
620718129,8.56543714005084
620788015,8.56543711668339
620818157,8.56543711905561
620838318,8.56543712117179
620848301,8.56543712230372
620888129,8.56543712508529
620908173,8.56543712676524
620988237,8.56543714380086
620998275,8.56543714552019
621018307,8.56543714671428
621038002,8.56543714917576
621048018,8.56543714923017
621078248,8.5654371527209
621088239,8.56543715365515
621108281,8.56543715532236
621118155,8.56543715535203
621158158,8.56543722041824
621178180,8.56543722316686
621188148,8.56543722434309
621208200,8.56543722648572
621218189,8.56543722806992
621247991,8.56543723068637
621268085,8.56543723387892
621287988,8.56543723469262
621318320,8.56543723839613
621368319,8.56543724415739
621388160,8.56543736932787
621448156,8.56543737945138
621458134,8.56543738080973
621468237,8.56543738272179
621498200,8.56543738665571
621518040,8.56543739051929
621548310,8.56543739563309
621578185,8.56543734605204
621608285,8.56543735066166
621648133,8.56543735501831
621658126,8.56543735768293
621668330,8.56543735835616
621698197,8.5654373619287
621788021,8.56543724798716
621798257,8.56543724785744
621818214,8.56543724902489
621838244,8.56543724920741
621868233,8.56543725135542
621878143,8.56543725254895
621888154,8.56543725205773
621918130,8.56543725326635
621988152,8.56543742399752
622028003,8.56543742863921
622058247,8.56543743227041
622068342,8.56543743359661
622088155,8.5654374365617
622178037,8.56543734705245
622188324,8.56543734799826
622248163,8.5654373523839
622258140,8.56543735277454
622298100,8.56543735381468
622308272,8.56543735530171
622318245,8.56543735610324
622378160,8.56543738176856
622408188,8.56543738498891
622418162,8.56543738536867
622448141,8.56543738732707
622458143,8.56543738699815
622468237,8.56543738851276
622488189,8.56543738982463
622498282,8.56543738971939
622548196,8.56543746386864
622558017,8.56543746543611
622568032,8.56543746706665
622598378,8.56543746796298
622608057,8.5654374694392
622618342,8.565437470453
622658118,8.56543747351532
622708003,8.56543747938353
622718038,8.5654374801731
622798507,8.56543748195865
622828245,8.56543748551749
622838279,8.56543748610716
622848201,8.56543748643019
622868472,8.56543748884668
622878476,8.5654374890825
622888368,8.56543748925384
622908375,8.56543749240371
623008175,8.56543746745748
623018162,8.56543746734383
623038198,8.56543746886201
623078033,8.56543747112335
623108545,8.56543747261337
623118309,8.56543747244311
623168165,8.56543723480342
623208155,8.56543723076923
623217990,8.5654372300441
623268249,8.5654372265065
623287991,8.5654372252095
623348238,8.56543722068497
623378236,8.56543721768977
623418140,8.56543726782867
623448139,8.56543726675751
623468163,8.56543726477728
623488161,8.56543726224392
623498214,8.5654372618123
623508163,8.56543726079335
623568267,8.56543733191369
623578247,8.56543733073115
623588247,8.56543732979541
623618165,8.56543732806698
623658230,8.5654373255985
623668251,8.56543732556285
623688155,8.5654373241205
623728267,8.56543732200641
623748200,8.56543732141991
623788079,8.56543735551425
623818334,8.56543735478951
623868193,8.56543735108083
623908158,8.56543735094771
623918161,8.5654373501805
623988143,8.56543726754331
624038285,8.5654372630434
624068298,8.56543725991416
624078156,8.56543725962713
624118172,8.56543725495093
624168059,8.56543733146131
624188202,8.56543733061835
624208211,8.56543732849646
624218162,8.56543732765786
624248003,8.56543732565851
624278020,8.56543732199747
624308078,8.56543731997542
624318121,8.56543731848334
624378347,8.56543736473125
624388353,8.56543736394257
624408002,8.56543736177899
624458366,8.56543735731615
624468370,8.56543735623074
624498193,8.56543735372975
624508224,8.56543735250366
624578208,8.56543738513032
624608383,8.5654373825316
624648408,8.56543737878016
624668431,8.56543737656297
624698491,8.56543737467544
624808174,8.56543728999777
624868023,8.56543728081657
625068167,8.56543729116718
625088182,8.56543728754988
625108169,8.56543728500674
625138176,8.56543728041958
625178157,8.56543727136852
625197998,8.5654372666724
625208027,8.56543726434066
625258327,8.56543725319713
625298109,8.56543724602249
625378233,8.56543728375157
625588395,8.56543732594726
625598393,8.56543732397792
625618174,8.56543732051785
625668202,8.56543731248885
625818198,8.56543732936001
625868174,8.56543732143093
625888196,8.56543731692915
626048006,8.5654373370296
626188080,8.56543731004163
626208102,8.56543730488614
626248174,8.56543729583106
626267976,8.56543729126649
626468425,8.56543731856242
626508153,8.56543731041911
626588149,8.56543738065099
626668165,8.56543736479798
626748324,8.56543734929613
626788202,8.56543744256889
626818144,8.56543743768743
626868010,8.56543742956165
626918377,8.56543742018901
627008234,8.56543749110474
627108040,8.56543747536812
627148092,8.56543746832521
627208577,8.56543754779909
627268489,8.56543753846175
627278489,8.56543753797124
627298489,8.56543753543506
627308406,8.56543753321629
627407995,8.56543762269909
627458212,8.56543761817399
627478161,8.56543761515646
627608186,8.5654376874959
627648188,8.56543768446054
627658160,8.56543768385806
627667987,8.56543768428868
627698272,8.56543768075065
627808193,8.56543773439647
627868246,8.56543772987996
627998243,8.56543778406511
628008012,8.56543778395029
628138243,8.56543777619453
628198276,8.56543779925527
628208279,8.56543779912327
628288268,8.56543779289379
628338114,8.56543778962298
628398153,8.56543784260784
628468198,8.56543783723781
628488298,8.5654378369432
628538324,8.56543783280019
628618147,8.56543789447832
628648184,8.5654378923643
628668017,8.56543789136827
628708185,8.56543788854178
628818230,8.56543809887636
628888081,8.56543809960854
628908163,8.56543810032011
628948324,8.56543809974712
629018073,8.56543809461223
629048180,8.56543809363639
629068337,8.56543809373465
629108457,8.56543809371522
629118200,8.56543809358557
629248205,8.56543810661925
629268172,8.5654381076711
629418171,8.56543813947228
629488154,8.56543813805694
629708252,8.56543807573134
629718151,8.56543807589713
629738266,8.56543807481197
629808279,8.56543811384566
629868173,8.56543810936642
629878255,8.56543810763512
629898290,8.56543810713807
629938337,8.5654381052889
629998175,8.56543813185483
630008271,8.56543813016055
630088424,8.56543812536378
630108324,8.56543812411019
630138517,8.56543812296842
630198174,8.565438152061
630208283,8.56543815087728
630268162,8.56543814696052
630288228,8.56543814558768
630298234,8.56543814551814
630338287,8.56543814266667
630408336,8.56543811880408
630468217,8.56543811463283
630488148,8.56543811189595
630538248,8.56543810735321
630598190,8.56543809169676
630668244,8.56543808391423
630738284,8.56543807564872
630798280,8.56543815431643
630868490,8.56543814860511
630918237,8.56543814387083
630938596,8.56543814271838
630998368,8.56543814133798
631018465,8.56543813920556
631108199,8.56543812907399
631308072,8.56543808224276
631318029,8.5654380802872
631368233,8.56543807324428
631448180,8.56543810450337
631468197,8.56543810185079
631508178,8.56543809585599
631617998,8.56543803412752
631658262,8.56543802779967
631678299,8.5654380241222
631708258,8.56543801942834
631748346,8.5654380120899
631808207,8.56543805165188
631858293,8.56543804439386
631908159,8.56543803646763
631948243,8.56543802977232
632008035,8.56543808794611
632048258,8.56543808149668
632108167,8.56543807306847
632148287,8.56543806735837
632208382,8.56543806219387
632238036,8.5654380566452
632258343,8.56543805302564
632308222,8.56543804575995
632348290,8.56543803962083
632438251,8.56543814827245
632458180,8.56543814634625
632478209,8.56543814291452
632518296,8.56543813950671
632658153,8.56543810617948
632678216,8.56543810435026
632698257,8.56543810090812
632848781,8.56543815288081
632868709,8.56543815183331
632878617,8.56543814986938
632898383,8.56543814907607
632908426,8.5654381474974
633008241,8.56543822748464
633038079,8.56543822414236
633068112,8.56543822253286
633208281,8.56543824789445
633338335,8.5654382421854
633488331,8.5654381967746
633508431,8.56543819532059
633518198,8.56543819480922
633648408,8.56543818821071
633718088,8.5654381823748
633748106,8.56543817956452
633848590,8.56543819208082
634108221,8.56543811100879
634208332,8.56543814541238
634248434,8.56543814109761
634268351,8.56543813888142
634278259,8.56543813785659
634308344,8.56543813632178
634318385,8.56543813575577
634518166,8.5654381334266
634608218,8.56543808207869
634648074,8.56543807809923
634688278,8.56543807272854
634768380,8.56543806821794
634818448,8.56543806049378
634868347,8.56543805482702
634908266,8.56543804872092
635088119,8.56543805147894
635198494,8.56543801956185
635218502,8.56543801599204
635288070,8.56543800672756
635308700,8.56543800319064
635418498,8.56543796327013
635597997,8.56543790129846
635648044,8.5654378794238
635668117,8.56543786853549
635768349,8.56543792552858
635868437,8.56543789117588
635878196,8.56543788991919
635888234,8.56543788872522
635948005,8.5654378899642
636068221,8.56543789405189
636088097,8.56543789108697
636248228,8.56543802180928
636268311,8.56543801400917
636288469,8.56543800534706
636448164,8.56543793332119
636488244,8.56543790563359
636508194,8.56543789107301
636648048,8.56543789978982
636688283,8.56543786306238
636708099,8.5654378444008
636808446,8.56543768686599
636848204,8.56543763152424
636858194,8.56543761654846
636908075,8.56543753599635
636998168,8.56543734152728
637088173,8.56543712322104
637138305,8.56543698186342
637197995,8.56543686033468
637238451,8.56543672377274
637288443,8.56543654014213
637308482,8.56543646232389
637398177,8.56543609031371
637418039,8.56543599696471
637598177,8.56543493379485
637708095,8.56543424737305
637768576,8.5654338880238
637808179,8.5654336096871
637838251,8.56543339577317
637858157,8.56543325076088
637908191,8.56543287904593
637948111,8.56543257229496
638008005,8.56543218046432
638018080,8.56543209946865
638058169,8.56543177081978
638108094,8.56543134885537
638148327,8.56543100172783
638208418,8.56543046009185
638238382,8.56543018565593
638248423,8.56543009318503
638258489,8.56543000016774
638278547,8.56542981266332
638408271,8.56542846610892
638448129,8.56542805810259
638508093,8.56542743174142
638708379,8.56542538999288
638768599,8.56542441793316
638868366,8.56542323822873
638878371,8.56542311856267
639048479,8.5654210512893
639148055,8.56541981788373
639188213,8.56541957865641
639248799,8.56541884002294
639268815,8.56541859170467
639288205,8.56541834255128
639318195,8.56541796753905
639368338,8.56541733679347
639408228,8.56541679026536
639448210,8.56541628238587
639568287,8.56541451753043
639658126,8.56541336253328
639818172,8.56541129351748
639858193,8.56541079120792
639908249,8.56541016471057
640008147,8.56540889061224
640078197,8.56540802861736
640148141,8.56540717649145
640258177,8.56540598001943
640308322,8.56540538983079
640348197,8.56540491724397
640408206,8.56540414758234
640448035,8.56540367898089
640508353,8.56540297941518
640568370,8.56540235421845
640698627,8.56540085860812
640718708,8.56540062912215
640768721,8.56539997570758
640858368,8.5653989226171
640878259,8.56539868949056
640918251,8.5653982218033
640948267,8.565397868754
641068507,8.56539644443649
641108224,8.56539597887739
641168725,8.56539520434579
641208984,8.56539472889906
641288198,8.56539380895248
641318198,8.56539346357717
641368291,8.56539289028195
641448175,8.56539197829117
641518197,8.56539119204384
641668455,8.56538959985668
641768214,8.56538856496899
641858421,8.5653875887932
641868521,8.5653874801949
641898442,8.56538715363615
642068133,8.56538510224012
642088027,8.56538487021889
642288202,8.56538245350717
642298242,8.5653823339077
642558094,8.56537915984474
642708707,8.5653773673825
642768309,8.56537670654479
642818202,8.56537598118566
642858127,8.56537555766915
642918169,8.56537493805012
642968276,8.5653745177776
643058518,8.56537364478793
643078633,8.56537345582738
643238864,8.56537194199274
643368395,8.56537075737425
643418058,8.56537042433489
643448176,8.56537015937256
643488047,8.56536980886725
643508127,8.56536963396996
643568596,8.56536904162095
643708222,8.56536785281058
643718211,8.56536776862972
643908224,8.56536614610309
643968190,8.56536563950671
643978192,8.56536556101943
644068202,8.56536487533905
644148669,8.56536429843636
644218214,8.56536386909786
644268191,8.56536355264736
644288190,8.56536343264993
644298298,8.56536337454153
644468213,8.56536239470023
644498293,8.5653622720441
644538318,8.56536212259513
644708213,8.56536160163074
644738240,8.56536154477126
644748263,8.56536152738923
644888247,8.56536126672899
645008036,8.56536117430786
645098047,8.56536126767475
645208209,8.56536141516645
645248186,8.56536153559085
645298210,8.56536170769012
645408213,8.56536234250561
645448074,8.56536255065149
645488239,8.56536277295605
645498310,8.56536283081191
645598516,8.56536355140779
645608660,8.56536362022249
645668147,8.56536404959421
645678187,8.56536412413095
645808060,8.5653652656428
646288215,8.56537051902198
646348191,8.56537134906643
646388216,8.56537186563687
646468264,8.56537305413698
646508149,8.56537367987747
646688194,8.56537666759199
646698219,8.56537684000116
646708216,8.56537701311552
646808221,8.56537868598855
646838198,8.56537922179995
646858237,8.5653795828991
646898088,8.56538031335083
646908121,8.56538049574227
647068645,8.56538360892912
647138975,8.56538493430137
647338219,8.56538880188584
647358681,8.56538915739514
647388196,8.56538959129968
647468058,8.5653909513267
647538341,8.56539206548325
647558435,8.56539233995312
647608670,8.56539309111339
647668232,8.56539394463423
647698216,8.56539435214868
648088061,8.56539877221534
648168188,8.56539961017907
648288093,8.56540044112629
648368112,8.56540090562875
648408271,8.56540088718716
648418235,8.56540093442746
648488459,8.56540124536567
648548565,8.56540147952395
648578656,8.56540149349097
648608262,8.56540158977723
648618207,8.56540162076313
648688271,8.56540181766935
648848077,8.56540214675307
648868117,8.56540218255319
648938284,8.56540229166731
648968610,8.56540231658385
649099020,8.56540245330389
649138557,8.56540248545729
649238293,8.56540263908941
649258295,8.56540265203625
649348294,8.56540269108163
649368303,8.56540268445212
649388388,8.56540269065174
649438360,8.56540269992168
649458245,8.56540270188254
649548775,8.56540270523206
649648294,8.56540274091266
649658298,8.56540273988431
649668296,8.56540273874861
649718340,8.56540273315653
649758330,8.56540271316956
649858169,8.5654026825898
649908306,8.56540267074907
649988634,8.56540249483808
650089031,8.56540259603674
650098846,8.56540261925331
650288368,8.56540360825378
650318203,8.5654038691864
650688289,8.56541052810097
650708191,8.56541108871927
650748148,8.56541228609482
650808174,8.56541425881693
650848165,8.56541570377864
650868174,8.56541647168048
650908357,8.56541808262494
651068230,8.56542586482869
651088336,8.5654269360436
651108200,8.56542804460748
651148230,8.56543035125639
651208202,8.56543398617907
651268227,8.56543790540876
651308229,8.5654406619875
651348076,8.56544352726628
651438440,8.56545029272734
651508996,8.56545592200871
651548915,8.56545923945951
651578429,8.56546191016544
651638447,8.56546715013205
651858294,8.56548803194538
651908134,8.5654931229276
652058255,8.56550937098809
652108202,8.56551488332045
652148299,8.56551933709082
652178225,8.56552300357775
652238224,8.56552981473753
652258298,8.56553211143663
652308204,8.56553787917027
652378250,8.5655460109214
652478124,8.56555784979216
652508692,8.56556141066436
652568233,8.56556839707019
652578225,8.56556959914576
652618270,8.56557442111347
652638204,8.56557684685309
652738151,8.56558915438407
652748101,8.56559040225134
652768004,8.5655927403369
652868214,8.56560551208343
652888367,8.56560810188388
652908465,8.56561069951502
652948512,8.56561591651387
652978568,8.56561972796079
652998624,8.56562235724109
653068095,8.56563163229627
653148243,8.56564227297155
653168156,8.56564496754947
653418563,8.56567855125901
653488715,8.56568778627657
653518805,8.56569171392195
653608254,8.56570308768515
653708277,8.56571557987402
653748316,8.56572039893194
653868175,8.56573426358447
653898299,8.56573746257717
654048244,8.56575177827482
654108254,8.56575675378586
654248275,8.56576644824488
654268278,8.56576764324071
654308278,8.56576985398608
654338281,8.56577138211466
654388277,8.56577398423529
654448715,8.56577624562354
654478692,8.56577712709752
654518314,8.56577805679008
654588367,8.5657794569461
654648253,8.56577976744885
654668256,8.56577971290926
654698262,8.56577948512954
654868433,8.56577506136769
654888448,8.56577425497841
655148309,8.56575723485804
655178087,8.56575469227375
655268064,8.56574604947052
655348711,8.56573737436782
655378620,8.56573380200502
655398681,8.565731426315
655548159,8.56571222098018
655618248,8.56570225667499
655648205,8.56569799989365
655768095,8.56568025346321
655778137,8.56567875232793
655818302,8.56567271347485
655848419,8.56566815358279
655878458,8.56566357510254
656028241,8.56564008907974
656088313,8.56563098080104
656268244,8.56560483432997
656438656,8.565582573749
656508243,8.56557448651001
656538220,8.56557121576135
656588352,8.56556587225282
656698254,8.56555587985942
656808254,8.56554821200952
656818262,8.5655475908213
656898481,8.56554332402291
656918718,8.56554245501776
656938678,8.56554165767882
657038114,8.56553909756446
657238466,8.56553948553306
657338494,8.56554232851799
657358570,8.5655431208461
657448223,8.5655472948792
657468220,8.56554846424173
657488327,8.56554970527147
657538267,8.56555315805856
657648151,8.56556193042363
657708233,8.56556767029491
657768496,8.56557448109698
657908636,8.5655911922084
657948800,8.56559637061643
658268523,8.56564355666228
658288602,8.56564664731918
658308597,8.56564974228644
658348701,8.56565593232579
658368896,8.56565902428046
658448245,8.56567148608032
658488341,8.56567757340411
658548235,8.56568661393034
658588360,8.56569275108213
658658246,8.56570298470372
658698266,8.56570868324372
658748268,8.56571561121586
658788181,8.5657212489588
658888798,8.56573399383693
658938274,8.56573983863728
658988357,8.5657451729613
659048246,8.56575137426665
659068242,8.56575331411383
659138244,8.56575950698773
659338410,8.56577230563459
659358660,8.56577322386191
659378679,8.56577407848621
659488361,8.5657768339127
659578196,8.56577805604484
659618250,8.56577797027867
659658298,8.56577749761426
659668467,8.56577732532307
659708440,8.56577645388994
659768583,8.56577512174573
659788256,8.5657743628166
659798507,8.5657739517758
659858883,8.56577106551052
659878883,8.56576993977656
659988327,8.56576246721869
660048243,8.56575745783732
660168144,8.56574525452417
660308530,8.56572886892445
660458256,8.56570882850361
660478164,8.56570595378836
660508197,8.56570158279077
660588163,8.56568933051183
660648155,8.5656801115707
660658152,8.56567855972578
660668082,8.56567700438446
660678123,8.5656754443152
660708245,8.56567074882776
660748406,8.56566446040367
660768405,8.56566134375376
660778447,8.56565976631838
660848689,8.56564872582635
660888292,8.56564243975107
660918286,8.56563774950765
661068263,8.56561486447052
661248225,8.56558932223849
661308468,8.56558177960621
661358705,8.56557588580501
661558274,8.56555650652967
661598278,8.56555335110101
661668241,8.56554852762203
661708095,8.56554613461717
661738400,8.56554453658103
661778569,8.56554232375761
661838713,8.56554013483442
661848722,8.56553983679103
661908285,8.56553840164803
661958245,8.56553778445551
661968286,8.56553726524156
661978245,8.56553721816782
662038254,8.56553736195146
662058259,8.56553756804436
662108257,8.56553844152973
662178235,8.56554045870705
662238248,8.56554293440733
662258318,8.56554392347634
662308668,8.565546661517
662348691,8.56554911863572
662378260,8.56555115950389
662538285,8.56556475033809
662558169,8.56556673334431
662578093,8.56556855113432
663158466,8.56562737936386
663188586,8.56562918719713
663318941,8.56563536060568
663388519,8.56563727137476
663548271,8.56563993130908
663578277,8.5656405570199
663588260,8.56564053227014
663618256,8.56564035479522
663708244,8.56563878068533
663738389,8.56563790661336
663758461,8.5656366887404
663778942,8.56563595165999
663798942,8.56563515016019
663808943,8.56563472375832
663868321,8.56563173980647
663938329,8.56562737887921
663978275,8.56562421382461
663998278,8.56562274283401
664058301,8.56561791388047
664118247,8.56561244798966
664178175,8.56560627088508
664198451,8.565604222415
664258163,8.5655977286191
664278715,8.5655954186688
664308712,8.56559184889296
664348256,8.56558696155041
664378254,8.56558316820145
664388324,8.56558190458724
664418276,8.56557805645519
664438278,8.56557543526669
664568255,8.56555716243882
664968157,8.56549821500152
664978115,8.56549675273951
664988247,8.56549529482544
664998199,8.56549383894518
665028154,8.56548948719146
665038183,8.56548804217871
665048154,8.56548660091649
665078158,8.56548230794691
665088321,8.56548088830013
665098426,8.56547947409071
665128475,8.56547526397958
665138594,8.56547387424076
665148532,8.56547249105645
665178738,8.56546880823134
665188740,8.56546744958111
665198652,8.56546609705961
665218722,8.56546341251291
665238802,8.56546076042635
665248771,8.5654594478791
665258885,8.56545814389819
665268861,8.56545684905717
665288933,8.56545429076367
665298727,8.56545302861602
665308389,8.56545177787145
665328476,8.56544930673704
665368434,8.56544446870094
665448195,8.5654353691879
665518209,8.56542798788531
665528138,8.5654269860844
665568108,8.56542350154814
665588398,8.56542165701214
665668794,8.56541482879678
665708525,8.56541182843143
665758902,8.56540845622051
665808288,8.56540571518799
665888288,8.56540196506126
665928285,8.56540057113642
666068102,8.56539862622845
666088349,8.56539860131793
666108239,8.5653986537873
666128333,8.56539879720423
666158429,8.5653996811253
666178511,8.56540003086154
666198763,8.56540045145083
666268227,8.56540251820182
666328285,8.56540515893627
666388347,8.56540912293621
666458487,8.56541385163506
666478486,8.56541538711571
666498501,8.56541700741588
666508264,8.56541784736957
666568305,8.56542375867957
666658251,8.56543287950651
666678337,8.56543506490606
666698825,8.56543731345398
666738968,8.56544198201352
666888374,8.56546168728749
666918306,8.56546579258481
667068243,8.56548743185498
667098265,8.56549192259184
667118139,8.56549494388228
667138212,8.56549797972833
667158499,8.56550120855419
667178573,8.56550427187817
667288374,8.56552130173768
667318310,8.5655259680684
667338269,8.56552907824129
667388254,8.56553696767856
667428244,8.56554311984081
667468098,8.56554922667429
667488185,8.56555226429175
667508264,8.56555528897561
667518221,8.56555679611138
667568356,8.5655646599444
667638743,8.56557484347703
667698772,8.56558316561015
667718857,8.56558585811824
667788478,8.56559529802031
667888098,8.56560705094216
667988120,8.56561797877874
668008103,8.56561987468071
668148888,8.56563133777155
668188928,8.5656345925014
668208921,8.56563582568221
668328339,8.56564157285271
668348265,8.56564227850227
668388247,8.56564402878336
668488313,8.56564545480255
668518267,8.56564549174996
668708679,8.56564189854151
668748246,8.56564018775425
668758355,8.56564017100284
668928250,8.56562911775764
668998324,8.56562357997865
669058479,8.56561779406405
669108244,8.56561254841171
669148394,8.56560817983713
669168486,8.565606277552
669178205,8.56560513522422
669668723,8.56553633326708
669688749,8.56553319731674
669718265,8.5655284684364
669738310,8.56552530950283
669778239,8.56551877975399
669828339,8.5655108636514
669938286,8.56549365745169
669948209,8.56549211422511
669968134,8.56548846981248
669988212,8.56548540959318
670018255,8.565480878806
670028113,8.56547938634362
670068472,8.56547349581058
670088479,8.56547059983773
670098446,8.56546916597241
670148551,8.56546215254618
670188685,8.56545607209958
670198174,8.56545475216302
670208136,8.56545344675398
670218254,8.56545215658588
670228221,8.56545088146471
670238135,8.56544962146467
670268183,8.56544592347258
670278258,8.56544471781187
670288302,8.56544352642016
670348252,8.5654367095518
670358259,8.56543563430679
670378100,8.56543354113945
670388296,8.56543178252701
670398154,8.56543077601902
670408177,8.56542979030539
670418248,8.56542882166826
670428260,8.56542786982595
670448151,8.56542601874415
670488193,8.56542252903206
670568422,8.56541620058957
670608499,8.56541367748514
670728346,8.56540805508936
670768250,8.56540639809883
670808247,8.56540560726228
670828291,8.56540534599833
670988407,8.56540585101689
671078290,8.56540888242903
671098369,8.56540977930471
671118616,8.56541077717505
671138706,8.56541188264552
671208249,8.56541673233288
671288380,8.56542310743294
671298148,8.56542399252911
671348204,8.56542872374216
671408266,8.56543567559229
671458490,8.5654413306699
671478492,8.56544370187283
671498493,8.56544614777143
671608652,8.56546069036268
671638931,8.56546486120777
671658934,8.56546770537203
671668927,8.56546914383334
671678383,8.56547059347924
671788377,8.56548760417685
671798284,8.56548916165699
671818309,8.56549229812465
671858249,8.56549866435675
671878264,8.56550188984725
671898279,8.56550513556575
671948269,8.56551330939841
671988343,8.56551960903844
672008274,8.56552291386834
672078357,8.56553448611586
672098618,8.56553778707683
672118701,8.56554108052416
672138721,8.56554435930646
672168266,8.56554940393848
672308263,8.56557177735594
672338100,8.56557647612192
672438190,8.56559210984277
672528546,8.56560558662943
672558455,8.5656100468291
672688284,8.56562895913362
672748314,8.56563830695706
672788263,8.56564409294549
672868292,8.5656573792254
672948192,8.56567133935964
673018383,8.56568329005429
673088577,8.56569595831196
673148262,8.56570678357905
673188364,8.56571437692022
673348333,8.56574194372088
673408207,8.56575122103111
673568667,8.56577560294885
673578722,8.5657771019088
673598935,8.56578008195502
673619041,8.56578303213178
673658841,8.56578885655777
673688591,8.56579315368086
673738332,8.56580018262136
673758260,8.56580295150183
673778263,8.56580585599367
673818327,8.5658112988938
673828285,8.56581264472544
673848312,8.56581531360307
673858279,8.56581663573006
673948228,8.5658281040942
673998232,8.56583420366919
674018273,8.56583653926525
674058078,8.56584108611972
674078698,8.56584328989445
674218368,8.56585684639779
674278288,8.56586209762499
674298306,8.5658637445837
674348190,8.5658676539296
674418254,8.56587216014182
674438482,8.56587347082012
674478370,8.56587595411662
674498458,8.56587712266784
674518538,8.56587824296096
674678261,8.56588488836266
674698286,8.56588556352798
674748351,8.56588706141645
674908114,8.56588985356199
674948282,8.56589006512199
674988562,8.56589003150794
674998455,8.5658900152207
675018544,8.56588994924344
675078713,8.56588947041966
675148283,8.56588844493768
675268224,8.56588518839533
675348169,8.56588259406558
675388391,8.56588056638637
675428362,8.56587894694069
675508485,8.56587532936662
675628368,8.56586868397563
675698366,8.56586451844874
675708325,8.56586389357993
675908280,8.56585002743048
675928289,8.56584844988498
675958409,8.56584603657513
675978491,8.56584420371162
676158570,8.56582790001419
676528501,8.56578600623877
676768362,8.56575480761554
677068716,8.56571274786351
677178266,8.5656966726132
677188270,8.56569524648416
677218290,8.56569096070962
677228317,8.56568952957629
677238268,8.56568809786122
677268270,8.56568380119085
677278093,8.56568237003604
677288131,8.56568093987746
677298089,8.56567951030184
677308211,8.56567808157994
677318119,8.56567665407354
677328293,8.56567522717637
677338253,8.56567380032151
677348187,8.5656723734365
677358260,8.56567094622272
677368219,8.56566951867025
677378305,8.56566755676876
677388237,8.56566612561067
677398160,8.56566469666178
677408272,8.5656632687664
677418335,8.56566184244085
677428463,8.56566041753152
677438388,8.56565899374277
677548176,8.5656433982966
677628352,8.56563178757402
677708118,8.56562066316032
677768368,8.56561240985606
677808146,8.56560697791373
677848120,8.56560159892234
677948415,8.56558837680667
677998618,8.56558181750103
678068794,8.56557293733947
678148313,8.56556276862272
678188289,8.56555792460643
678228400,8.56555316747276
678248264,8.56555081515799
678308292,8.56554386050588
678368329,8.56553704893154
678388275,8.56553480934901
678448302,8.56552815973187
678548797,8.56551731607023
678728314,8.56549823271429
678798287,8.56549112955694
678838287,8.56548702841934
678968098,8.56547368658321
678998716,8.56547068134955
679018790,8.56546868429755
679038748,8.56546668877396
679218331,8.56544883432342
679238283,8.56544689389983
679298143,8.56544109459944
679318418,8.56543917363841
679428549,8.56542852425072
679438785,8.56542758107062
679458639,8.56542569771934
679488686,8.56542287842423
679518374,8.56542007074926
679588536,8.56541345380943
679668511,8.56540609475961
679698533,8.56540335257244
679798164,8.56539417724397
679908741,8.56538442944638
680548431,8.56533090137362
680768301,8.56531328811213
680808278,8.5653102256604
680908548,8.56530262201947
680938472,8.56530036823169
680958737,8.56529871862331
681018851,8.56529423954636
681068272,8.56529054038457
681178296,8.5652824117381
681238294,8.56527808278962
681248333,8.56527736347725
681398396,8.56526675333038
681468738,8.56526195723964
681548424,8.56525661374743
681628255,8.56525126414131
681668305,8.56524868428434
681698320,8.56524678315138
681728505,8.5652448938186
681748375,8.56524364264833
681758532,8.56524301681746
681768524,8.56524225456475
681778524,8.56524163057761
681788525,8.56524101499325
681798526,8.56524040987571
681808130,8.56523981256015
681818183,8.56523921918714
681918707,8.56523330936009
682188227,8.56521831904432
682278431,8.56521393437182
682348780,8.56521073861218
682478833,8.56520506749028
682588451,8.56520089688643
682598402,8.56520056591538
682608370,8.56520023887584
682668189,8.56519838388538
682748221,8.56519618430286
682808310,8.56519473983091
682848726,8.56519388318437
682949069,8.56519210363733
682989065,8.5651913786022
683088348,8.5651903158223
683108317,8.56519016146643
683168304,8.56518981096495
683198306,8.56518969464927
683268284,8.5651896361413
683528307,8.56519082458772
683618360,8.56519184838135
683818475,8.56519570258394
683838387,8.56519613799118
683988318,8.56519997702027
683998282,8.56520022824645
684018325,8.56520073296619
684168312,8.56520458859923
684188517,8.56520511472983
684208335,8.56520564088628
684218592,8.56520590377148
684348549,8.56520929901567
684398743,8.56521048205135
684418855,8.56521099391223
684438844,8.56521150676674
684448363,8.56521176178357
684488307,8.56521277187962
684588308,8.56521492805497
684598305,8.56521516951286
684648307,8.56521636579077
684688317,8.56521730608879
684778182,8.56521924157371
684868543,8.56522120409261
684928470,8.56522246259963
685048249,8.56522483038878
685148272,8.5652267253897
685158289,8.56522686971271
685288226,8.56522920214534
685348364,8.56523023555415
685368380,8.56523045058611
685408258,8.56523111664811
685448559,8.56523177152332
685528391,8.56523304000383
685548418,8.56523334773649
685608348,8.56523413381236
685648290,8.56523471684735
685708395,8.56523556160996
685748526,8.5652361074928
685818389,8.56523705626596
685948150,8.56523863050806
685998608,8.56523917457821
686028658,8.56523950211557
686038411,8.56523960922567
686098328,8.56524023081041
686168288,8.56524085244075
686228333,8.56524142118755
686238312,8.56524151483063
686298287,8.56524206613395
686318411,8.56524224663012
686388429,8.56524272312687
686408430,8.56524289583428
686438230,8.56524315272163
686498532,8.56524365272342
686518616,8.56524381543352
686598284,8.56524430767491
686648359,8.56524468449829
686698311,8.56524504606153
686718374,8.56524518829822
686738282,8.56524532927075
686758352,8.56524546867671
686848438,8.56524586575082
686858423,8.56524593050541
686958194,8.565246565097
687128313,8.565247706878
687148345,8.56524782274091
687158177,8.56524788014423
687178255,8.56524778207195
687268206,8.56524827332914
687348459,8.56524869138846
687408376,8.56524897920794
687468548,8.56524927493845
687528731,8.56524955843042
687578819,8.56524974343917
687648607,8.56525008009447
688528533,8.56525466311365
688588605,8.56525494743797
688638458,8.56525528819097
688648393,8.56525535782008
688668411,8.56525549753004
688708307,8.56525578060031
688748359,8.56525607038377
688818422,8.56525651082355
688838328,8.56525666033877
688858422,8.56525680919923
688928309,8.56525732424975
688988380,8.56525770491967
689058384,8.56525820745505
689138777,8.56525876375695
689158431,8.5652588998832
689228314,8.56525917889592
689288138,8.56525955797122
689328407,8.56525980913913
689338468,8.56525987226118
689448235,8.56526051480338
689558461,8.56526125959223
689578531,8.5652612860905
689648732,8.56526178121519
689728426,8.56526236532443
689768553,8.56526237857052
689818586,8.56526275187569
689848191,8.56526297860541
689908237,8.56526344238426
689978158,8.56526395738032
690028252,8.56526435392584
690168291,8.56526549819149
690208175,8.56526576057335
690228214,8.56526592596799
690248211,8.56526609263729
690308421,8.5652665979793
690368426,8.56526710544912
690448330,8.56526743472028
690508288,8.56526792509277
690568383,8.56526847665152
690668331,8.56526933273277
690728605,8.56526985994491
690748594,8.56527003842487
690798770,8.56527059442579
690988368,8.56527239250649
691048155,8.56527297195708
691098545,8.56527346262781
691128543,8.56527376112323
691188427,8.56527421681451
691198403,8.56527431901048
691238481,8.56527472360039
691368349,8.56527606841177
691448348,8.56527688032844
691458319,8.56527698906556
691488300,8.56527731364544
691538434,8.56527785169002
691628566,8.56527894123905
691668529,8.5652793605409
691688394,8.56527956818791
691718377,8.56527987684877
691738470,8.56528008096052
691808297,8.5652807772568
691868402,8.56528134658569
691928295,8.56528187465712
691968439,8.56528201811249
691988191,8.56528216976922
692048330,8.56528258145538
692108566,8.5652829163742
692128636,8.56528301081956
692208769,8.56528339919157
692348175,8.56528353110886
692528352,8.56528353026202
692548428,8.56528353300961
692608481,8.56528323920843
692948392,8.5652831259002
693008186,8.56528311799918
693227600,8.56528317744654
693247653,8.56528317665074
693337365,8.56528317673565
693357380,8.56528317775279
693377361,8.56528317750556
693667222,8.56528304994781
693797376,8.56528297531676
693997226,8.56528291609792
694018463,8.56528291546051
694068307,8.56528291553487
694148155,8.56528291487986
694238608,8.56528287014712
694268440,8.56528287027008
694348351,8.5652828713618
694368308,8.56528287070003
694408381,8.56528282288066
694418394,8.5652828226865
694438416,8.56528282297763
694478411,8.56528282329681
694588361,8.56528276771862
694608281,8.565282769508
694628308,8.565282769432
694668331,8.56528277262353
694728574,8.56528277489189
694778185,8.56528272229639
694788738,8.56528272235894
694798266,8.56528272241588
694808241,8.56528272362807
694848229,8.56528272420376
694968141,8.56528265825247
695028265,8.56528266146005
695048162,8.56528266137521
695108315,8.56528266368791
695168444,8.56528257661737
695248460,8.56528257600937
695328419,8.56528257631245
695388533,8.56528255895758
695408242,8.56528256030918
695508327,8.56528256279173
695668737,8.5652825428103
695708516,8.56528254467445
695738851,8.56528254591777
695848661,8.56528245207677
695888263,8.56528245311533
695898761,8.56528245341491
695968352,8.56528245701866
695978378,8.56528248298882
696088436,8.56528249471318
696148321,8.56528249870297
696188473,8.56528236796854
696198627,8.56528236881466
696248324,8.56528237222995
696268177,8.5652823727874
696328342,8.56528237533087
696388450,8.56528224174659
696408349,8.56528224270069
696568355,8.56528228672236
696578219,8.56528228679726
696588398,8.56528228856767
696718644,8.56528229581023
696728661,8.56528229635342
696748245,8.56528229693129
696778427,8.56528223336803
696808188,8.5652822356773
696828431,8.56528223700154
696858431,8.56528223955249
696938263,8.56528224748012
697088310,8.56528218443508
697128445,8.56528218894926
697188635,8.56528210392549
697228446,8.56528210738398
697268278,8.56528211032496
697328424,8.56528211627458
697348138,8.56528211756933
697368217,8.56528211993969
697408179,8.56528212899802
697428168,8.56528213084137
697468110,8.56528213647985
697488309,8.56528213863469
697548467,8.56528214590055
697588476,8.56528205184878
697628686,8.56528205510149
697728327,8.56528206609635
697769016,8.56528192567116
697848642,8.56528193123116
697888594,8.56528193341342
697928589,8.56528193728264
697988687,8.56528194624909
698008314,8.56528194835023
698017394,8.5652819494083
698067313,8.56528195457869
698107345,8.56528196034467
698207155,8.5652818533367
698267353,8.56528185846466
698347386,8.56528186552591
698407421,8.56528179720202
698467178,8.5652818022988
698517453,8.56528180731914
698587544,8.56528181661076
698607612,8.5652818197856
698627626,8.56528182142049
698807579,8.5652818226582
698837579,8.56528182831257
698857606,8.56528183151381
698907351,8.56528183972719
698937654,8.56528184451841
699028400,8.56528164965431
699058393,8.56528165462614
699208323,8.56528161926999
699228357,8.56528162275381
699258417,8.56528162608443
699278345,8.56528162886561
699358417,8.56528163799388
699408280,8.56528153255385
699458309,8.5652815371307
699478374,8.56528154077394
700278349,8.56528131337934
700328355,8.56528131750858
700408630,8.56528122648407
700468183,8.56528123243452
700619074,8.56528120280412
700668381,8.5652812071707
700728350,8.56528121227611
700788371,8.56528103714647
700818375,8.5652810379727
700838371,8.56528103988219
700988284,8.56528091946871
701058442,8.56528091935444
701198391,8.56528088536618
701208349,8.56528088564986
701228421,8.56528088545192
701258196,8.56528088548649
701278400,8.56528088480845
701288354,8.56528088531684
701368418,8.56528088555418
701378393,8.56528088613647
701388368,8.56528082236361
701398469,8.56528082298986
701438437,8.5652808230736
701458306,8.56528082418806
701478371,8.56528082313365
701608710,8.56528079618354
701648346,8.56528079700719
701678407,8.56528079938511
701738417,8.56528080190658
701768354,8.56528076869667
701828185,8.56528076979646
701988417,8.56528066741432
702028429,8.56528066848368
702078660,8.56528067052716
702168414,8.56528056888136
702228268,8.56528056854186
702248166,8.56528056882378
702308208,8.56528056942581
702368254,8.56528056910818
702388326,8.56528048831791
702448297,8.56528048723238
702508532,8.56528048822892
702528532,8.56528048801338
702538625,8.56528048752011
702588698,8.56528045737745
702628352,8.56528045803371
702748334,8.56528045884903
702768293,8.56528051900307
702788436,8.56528052098061
702828355,8.56528052309199
702848219,8.56528052373756
702948216,8.56528053028524
703058497,8.56528056381372
703078791,8.56528056627306
703188472,8.56528046498755
703238426,8.5652804688827
703278397,8.5652804704315
703318404,8.56528047320609
703338481,8.56528047426922
703448440,8.56528042188556
703458549,8.56528042336185
703478632,8.56528042397503
703568359,8.56528042584804
703588247,8.56528042733739
703648295,8.56528043293707
703678342,8.56528043487258
703728400,8.56528043799513
703748572,8.56528043922859
703828658,8.56528032970528
703868339,8.56528033082692
703878711,8.565280331994
703918661,8.56528033258191
704059050,8.56528028538287
704078972,8.56528028575577
704228200,8.56528022810641
704238316,8.56528022875713
704258337,8.56528022824723
704308211,8.56528022732253
704408501,8.56528005166383
704418420,8.56528005037903
704458604,8.56528004781348
704638376,8.56527995131954
704908239,8.56527997071981
704988485,8.56527986943414
705008475,8.56527986615761
705028524,8.56527986484822
705328266,8.56527983693428
705348432,8.56527983408912
705408350,8.56527985903333
705468479,8.56527985311213
705478585,8.56527985300405
705528556,8.56527984783814
705558644,8.56527981083478
705668424,8.56527979730771
705728434,8.56527978943115
705958411,8.56527975119641
705978411,8.56527978577414
705998851,8.56527978467866
706038860,8.56527977939638
706228358,8.56527971404304
706258448,8.56527970933285
706448512,8.56527980646366
706478631,8.56527980445605
706498643,8.56527980152834
706608589,8.56527985170611
706668646,8.56527984812485
706808161,8.56527987083823
706868268,8.56527986763818
706938460,8.56527986311531
706978802,8.56527990513553
707008227,8.56527990269972
707048328,8.56527989966826
707268276,8.56527994556339
707348283,8.56527994496829
707388367,8.56528001386335
707408442,8.56528001336226
707448375,8.56528001240316
707468604,8.56528001162243
707488597,8.5652800123703
707548489,8.56528001186071
707568350,8.56528016186927
707608179,8.56528016414601
707628379,8.56528016536542
707688488,8.56528016829133
707708370,8.56528016960271
707748445,8.56528017281105
707768352,8.56528024192615
707888344,8.56528025311741
707918441,8.56528025556512
707948466,8.56528025795851
708028254,8.56528030359967
708048261,8.56528030620203
708058341,8.5652803060994
708168302,8.56528038050121
708188322,8.56528038302287
708238325,8.56528038702773
708258402,8.56528038932223
708408651,8.56528042901229
708438771,8.56528043186503
708458831,8.56528043431288
708478994,8.56528043595613
708489038,8.56528043690799
708499017,8.56528043880415
708568413,8.56528048071694
708628350,8.56528048608049
708638501,8.5652804871642
708738258,8.56528049769365
708888386,8.5652806451206
708918547,8.56528065010316
708948729,8.56528065311944
708968764,8.56528071713796
709018958,8.565280724741
709038485,8.56528072693433
709168384,8.56528074054456
709188464,8.56528074205299
709238456,8.56528074652888
709248383,8.56528074699093
709258453,8.5652807481313
709368397,8.56528075869278
709408513,8.56528073830265
709418601,8.5652807394022
709458719,8.56528074208858
709488518,8.56528074267534
709548214,8.56528074599975
709588378,8.56528084857821
709628344,8.56528085268641
709688422,8.56528085782533
709708183,8.56528086083671
709768429,8.56528096777921
709808276,8.56528097179219
709868553,8.56528097849426
709988893,8.56528090703287
710028271,8.56528090832301
710248358,8.56528109652292
710268361,8.5652810979405
710358391,8.56528110591595
710448227,8.56528115683721
710488495,8.56528115951505
710588514,8.56528128054362
710598454,8.56528128279758
710778231,8.56528127129042
710878432,8.565281274439
710898563,8.56528127679783
710958804,8.56528127891349
710978814,8.56528134475343
711098437,8.56528134907098
711118464,8.56528134992655
711168379,8.56528144945014
711178447,8.56528145043348
711228226,8.56528145278255
711288459,8.56528145539242
711308500,8.56528145660652
711378589,8.56528146091886
711398527,8.56528139492484
711418656,8.56528139619572
711488476,8.56528139297156
711668524,8.56528150740841
711778252,8.56528154640784
711798731,8.56528154591925
711808771,8.56528154620974
711818823,8.56528154609275
711908814,8.56528154375761
712008193,8.56528160801129
712038235,8.56528160725569
712288368,8.5652816755449
712408831,8.5652817207866
712608230,8.56528180893448
712628252,8.56528180878632
712688524,8.56528180734571
712758461,8.56528188621469
712778288,8.56528188587559
712828438,8.56528188600063
712888318,8.56528188690533
712968170,8.5652819454591
712978437,8.56528194457759
713048379,8.56528194324526
713098533,8.56528194061229
713168380,8.56528202272834
713188508,8.56528202332415
713308522,8.56528202428341
713378698,8.56528206096283
713448359,8.56528206202361
713468399,8.56528206279185
713568504,8.5652820649334
713578492,8.56528206485534
713588513,8.56528206573547
713598773,8.56528206489731
713608198,8.5652820649909
713688186,8.56528206206823
713788391,8.56528213287881
713838469,8.5652821326093
713859047,8.5652821329014
713879046,8.56528213347982
713919121,8.56528213313011
714088187,8.56528218274782
714128242,8.56528218383757
714218595,8.56528216587942
714238607,8.5652821658411
714288625,8.56528216409017
714308626,8.56528216364553
714368684,8.56528216131312
714418789,8.56528220892773
714468565,8.5652822087004
714688600,8.56528227179192
714708575,8.56528227166923
714768735,8.5652823267617
714808420,8.56528232657897
714828483,8.56528232686109
714848894,8.56528232640322
714888924,8.56528232640595
714968289,8.56528239502287
714988502,8.56528239546539
715088423,8.56528240039776
715488212,8.56528239421054
715668498,8.5652823172672
715768384,8.56528229332176
715778668,8.56528229206203
715798556,8.56528229038149
715868290,8.56528228560399
715968221,8.56528239634916
716028284,8.56528239314529
716058289,8.5652823938323
716108373,8.56528239081903
716158504,8.56528238259607
716188363,8.56528238118062
716218555,8.56528237966279
716238618,8.56528237938941
716388228,8.56528233587937
716568312,8.56528250720538
716588506,8.56528256082493
716828587,8.5652835005684
716908241,8.56528396566642
716988295,8.5652844214871
717048376,8.56528487661527
717068347,8.56528503930166
717188260,8.565286107587
717248536,8.56528671093211
717288519,8.56528713201564
717308355,8.56528734814902
717368327,8.56528801834165
717428246,8.56528896581425
717448246,8.56528920924699
717548246,8.56529048727103
717608330,8.56529124474567
717648575,8.56529180632366
717688248,8.56529238386709
717768213,8.5652936620067
717808251,8.56529429015973
717828252,8.56529461077922
717898332,8.56529576230161
717958253,8.56529679506744
718048258,8.56529839582778
718088259,8.56529914426307
718268537,8.565302796948
718378298,8.5653051970637
718468263,8.56530718917061
718598458,8.56531015763274
718668267,8.56531184090957
718688267,8.56531233019566
718708347,8.56531282339103
718788381,8.56531480380919
718808746,8.56531531683888
718818270,8.56531557491692
718888270,8.56531740580601
718908330,8.56531793546994
718948552,8.56531900647795
718968290,8.56531955075462
719008497,8.56532064535024
719038275,8.5653214745925
719088301,8.56532287253256
719188467,8.56532575854387
719258552,8.56532780892459
719278593,8.56532840053059
719388460,8.56533166248008
719428426,8.56533287757261
719448508,8.56533348811331
719568373,8.56533716204834
719618474,8.56533873307866
719668676,8.56534032224418
719688790,8.56534096410653
719828597,8.5653452889921
719888285,8.56534729618056
719988289,8.56535079259858
720028509,8.56535215706042
720088311,8.56535421001697
720178438,8.56535736594179
720248656,8.56535978080907
720288314,8.56536116181687
720348297,8.56536323734519
720358376,8.56536358366091
720448317,8.56536670335968
720488471,8.56536808387505
720558492,8.56537047451608
720628320,8.56537263075147
720668316,8.56537396349655
720688403,8.56537462431825
720738683,8.56537626307572
720768322,8.56537715220141
720778320,8.56537747263
720798349,8.56537810888327
720868329,8.56538028619856
721008388,8.56538430414893
721018464,8.56538457403637
721188559,8.56538872377572
721238672,8.56538979992672
721308521,8.56539118423537
721368403,8.56539226540517
721428301,8.56539319273745
721508523,8.56539437938198
721588693,8.56539535778015
721628872,8.56539582798749
721768878,8.56539723252042
721788285,8.56539740359961
721848337,8.56539787700349
721888326,8.5653981615251
721968810,8.56539847139824
722008290,8.56539868423709
722107424,8.56539915076515
722187608,8.56539944394824
722287403,8.56539979365319
722307388,8.56539985766985
722367326,8.56540002658051
722387347,8.56539987736896
722407326,8.56539992402939
722447347,8.56540000921815
722507320,8.56540011515856
722627632,8.56540025258067
722657744,8.56540026943995
722787633,8.56540021773679
722837332,8.56540020918397
722997334,8.56540011066554
723018407,8.56540010842733
723038339,8.56540010537994
723108376,8.56540009583992
723798407,8.56539987030022
723828385,8.56539986570262
723858386,8.56539986240818
724018582,8.56539972272194
724038642,8.56539971963488
724058565,8.56539971593356
724328583,8.56539964800117
724508517,8.56539958052158
724578878,8.56539955885743
724708382,8.56539953502645
724728407,8.56539953049092
724788383,8.56539950872704
724808390,8.5653995054271
724868365,8.56539949524292
725118581,8.56539950137264
725178940,8.56539951621201
725288442,8.56539950225686
725308445,8.5653994986557
725318441,8.56539949841008
725378484,8.56539949008345
725398489,8.56539951394428
725498441,8.56539950373139
725518440,8.5653995010906
725578455,8.56539946017755
725598550,8.56539945827204
725648930,8.56539945361954
725778480,8.5653994249554
725798445,8.56539942197961
725818441,8.56539942060475
725838433,8.56539941841359
725988427,8.56539936918386
726018428,8.56539936594785
726038446,8.56539936329669
726058417,8.56539936116146
726108263,8.56539935478875
726188441,8.56539924751469
726208436,8.56539924389681
726248438,8.56539923620457
726258444,8.56539923501097
726278480,8.56539923067283
726398293,8.56539926588371
726418373,8.56539926288179
726438482,8.56539926039039
726508439,8.56539924906986
726608791,8.56539917360657
726628821,8.56539916951755
726748364,8.56539914752258
726808438,8.56539920305876
726828434,8.56539919921961
726868462,8.56539919186487
726908493,8.56539918572985
727087666,8.56539915183619
727287416,8.5653990965338
727387463,8.56539907293461
727407416,8.56539906903684
727437424,8.56539906315832
727457312,8.56539905950674
727557696,8.56539903988008
727607750,8.56539905054147
727617755,8.56539904874935
727687398,8.56539903531919
727707600,8.56539903131111
727727694,8.56539902683983
727787507,8.5653990451584
727817641,8.56539904038025
727847685,8.56539903388118
727857624,8.56539903124027
727927415,8.56539901840256
728007325,8.56539902108085
728018366,8.56539901989013
728038462,8.56539901581737
728058530,8.56539901211145
728079024,8.56539900853752
728188393,8.56539890944055
728228418,8.56539889846239
728248432,8.5653988943726
728258417,8.56539889268163
728408446,8.56539887313879
728418421,8.56539887056023
728448395,8.56539886333234
728458392,8.56539886069862
728658429,8.56539878702882
728718396,8.56539877001215
728808307,8.56539882390886
729028684,8.565398828855
729068817,8.56539881881015
729208375,8.56539886217528
729268454,8.56539884981072
729328338,8.56539883761797
729348290,8.56539883296463
729388422,8.56539882423304
729448670,8.56539882158595
729468752,8.56539881691447
729529021,8.56539880242105
729588828,8.56539885962962
729708676,8.56539883369244
729788730,8.56539890159138
729998569,8.56539880550388
730029222,8.56539879849724
730198455,8.56539875255371
730218409,8.56539874716684
730418395,8.56539869724599
730438467,8.56539869124869
730458533,8.56539868713265
730628379,8.56539882382675
730658391,8.56539882534518
730708449,8.56539886467794
730728689,8.56539889462527
730748640,8.56539893038325
730768535,8.56539897574669
730888412,8.56539943552205
730898700,8.56539948788703
730978410,8.56540003878157
731108436,8.56540124983859
731118401,8.56540136285697
731388350,8.56540600045271
731398394,8.56540616215121
731468659,8.56540770995746
731508649,8.56540868532756
731848278,8.56541963757449
732008689,8.5654269157567
732047885,8.56542892372658
732107483,8.5654320816172
732117446,8.5654326255771
732187475,8.56543651760374
732247445,8.56544005415748
732267556,8.56544125336929
732327484,8.56544499271239
732387386,8.56544898105444
732427538,8.56545166394426
732437579,8.56545234405537
732507690,8.56545723579598
732617564,8.5654654918541
732647414,8.56546781176105
732687463,8.56547096797068
732867784,8.56548628807878
732877459,8.56548717614644
732897738,8.56548896656514
732977562,8.56549638529534
733098436,8.56550784571682
733258412,8.56552406534391
733278445,8.56552612743201
733298479,8.5655281997338
733518847,8.56555184963895
733578435,8.56555837836213
733668513,8.56556870059968
733708412,8.56557341988244
733718407,8.56557461534906
733888521,8.56559609679035
733928575,8.56560142951854
734008780,8.56561241972194
734088350,8.56562375599639
734108441,8.56562663841977
734128240,8.56562953834719
734228301,8.56564424868391
734288426,8.56565315575397
734358418,8.56566353688864
734388543,8.56566800731747
734468782,8.56567981067416
734528421,8.56568856745877
734588472,8.56569706606442
734668558,8.56570825722053
734918673,8.56574025922752
735088436,8.56575783585226
735098547,8.56575872488157
735118416,8.56576046456354
735138452,8.56576213921447
735188505,8.56576627040031
735328405,8.56577456909246
735448295,8.56577879037228
735458847,8.56577899065159
735578434,8.56577936542227
735638476,8.56577855688002
735948885,8.56576286317126
736008414,8.56575797997831
736078435,8.56575128436804
736268232,8.56572870695457
736348567,8.56571793858146
736408772,8.56570907207266
736598492,8.5656794968936
736608299,8.5656779087953
736738398,8.56565700664724
736748443,8.56565539048718
736758285,8.56565377442584
736768326,8.56565215873284
736878588,8.56563384082361
736898671,8.56563066237744
736908657,8.56562907936945
736918808,8.56562750138657
736928849,8.5656259287651
736938836,8.56562436173184
736968872,8.56561969957245
737048504,8.56560764337928
737248468,8.56558001199663
737308523,8.56557285389654
737368434,8.56556625008006
737508519,8.56555324143019
737688257,8.5655420675024
737908856,8.5655371752003
737919099,8.56553717025687
737988987,8.56553809505861
738107551,8.56554133076393
738377577,8.5655590031763
738507446,8.56557183669278
738527445,8.56557405910807
738587421,8.56558151254754
738627446,8.56558647301626
738687501,8.5655943111339
738707405,8.56559702307369
738747523,8.56560258025423
738938091,8.56563157964706
739047374,8.56564938879137
739067876,8.56565260094769
739147426,8.56566548889134
739207306,8.56567501517968
739227264,8.5656782137508
739287509,8.56568772100405
739307592,8.56569085501827
739388094,8.5657031549354
739527450,8.56572342748217
739627451,8.56573686864486
739687432,8.56574409881057
739707453,8.56574640729164
739947521,8.56576950096434
740018429,8.56577464369464
740038520,8.56577583649494
740058450,8.56577696595008
740078480,8.56577801998799
740108427,8.56577943333802
740128426,8.56578025237005
740228449,8.56578285355675
740428437,8.56578133574868
740478481,8.56577977725305
740608440,8.56577260655736
740648446,8.56576989235702
740848813,8.56575118108285
740888425,8.56574672470224
741108718,8.56571764404779
741118450,8.56571620517322
741368770,8.56567708573589
741478275,8.56565902078312
741488309,8.56565738658866
741508393,8.56565411810018
741528282,8.56565085128541
741568450,8.56564372984287
741598456,8.56563885353371
741608465,8.56563723294033
741618293,8.56563561508398
741628329,8.56563399983747
741688285,8.56562440745954
741708365,8.56562126126354
741768610,8.56561151324589
741848862,8.56559961005254
741988450,8.56558075602174
742307791,8.56554837770101
742327690,8.56554699389046
742407533,8.56554196175868
742487442,8.56553854551242
742547464,8.56553683725974
742557703,8.56553662870372
742587441,8.56553570584208
742627497,8.56553531621516
742707446,8.56553557001937
742727504,8.5655358378178
742837903,8.56553874471963
742947443,8.56554406996643
743027436,8.56554918290466
743037434,8.56554993728674
743237373,8.56556854095086
743327894,8.56557910414715
743347917,8.56558158607955
743387460,8.56558611899327
743637472,8.56561611113361
743727695,8.56562456370929
743767812,8.56562841786917
743838093,8.56563341505993
743868037,8.56563524389471
743887509,8.56563637579268
743927678,8.56563841713235
743947754,8.56563932164701
744007225,8.56564168055228
744067288,8.56564316403592
744107262,8.56564377810449
744127341,8.5656439687823
744147426,8.56564408228382
744207562,8.56564450399623
744267950,8.56564365312172
744367533,8.56564068653836
744427533,8.56563830818175
744447442,8.56563725666352
744467469,8.56563614081061
744507462,8.56563370165284
744567467,8.56562982645391
744647446,8.5656231545703
744727451,8.56561558579411
744747537,8.56561351524555
744867484,8.56559939502255
744947442,8.56558928806261
744987502,8.56558356095614
745017467,8.56557943245123
745277897,8.56554006752187
745397461,8.56552060487072
745407490,8.56551898770523
745417587,8.56551737147561
745427460,8.56551575731806
745467458,8.56550931966281
745477457,8.56550771524696
745487530,8.56550611349424
745497459,8.56550451431915
745507460,8.56550291830095
745517478,8.56550132493935
745527459,8.56549973499629
745537477,8.56549814861429
745547436,8.56549656639373
745557444,8.56549498760436
745567502,8.565493350835
745577459,8.56549177998363
745587607,8.56549021379695
745627341,8.5654839989127
745667684,8.56547788348684
745747619,8.56546608528093
745827463,8.56545525735732
745947390,8.56544007403011
745987440,8.56543548479255
745997473,8.56543435030862
746047709,8.5654288707833
746427524,8.56539943724755
746677682,8.5653962855107
746687714,8.56539641252054
746707726,8.56539673002476
746837289,8.56540132908457
746867332,8.56540277850386
747028518,8.56541409108918
747068668,8.56541759159225
747118772,8.56542238762763
747468482,8.56546688128493
747508443,8.56547289573854
747548442,8.56547904354963
747718296,8.56550665284315
747728688,8.56550827876974
747738907,8.5655099067314
747748931,8.5655115362879
747758984,8.56551316700094
747768983,8.56551528103578
747868469,8.5655315504709
747938441,8.56554275993845
748058549,8.56556198030109
748228372,8.5655866173316
748238890,8.56558797740724
748308467,8.56559714586236
748328536,8.56559964164677
748468463,8.56561583429282
748548452,8.56562351308061
748638711,8.56563053268403
748658913,8.56563195949943
748748910,8.5656374328647
748788482,8.56563879847828
748828449,8.56564037698737
748908583,8.5656425763535
748968665,8.56564361827599
749068592,8.56564318346816
749268496,8.56563557453791
749308449,8.56563317201219
749368578,8.56562891079722
749428454,8.56562349336283
749468504,8.5656199461414
749488516,8.56561805847875
749508475,8.56561607960292
749688338,8.56559512799703
749748948,8.56558726036972
749828545,8.56557579788349
749838477,8.56557438225758
749868456,8.56557005982638
749878449,8.56556859810579
749888453,8.56556712812505
749918474,8.56556267323954
750128508,8.56552980748597
750198968,8.56551847238657
750208915,8.56551689010908
750218909,8.565515310219
750229071,8.56551373163425
750238977,8.56551215405065
750248527,8.56551057687997
750258582,8.56550899908956
750268584,8.56550742041099
750278526,8.56550584160517
750288505,8.56550426418676
750298504,8.56550269026728
750308500,8.56550112117467
750318506,8.56549955841605
750328559,8.56549800184979
750338540,8.56549645073263
750348528,8.56549490429501
750358585,8.56549336144766
750368599,8.56549182169994
750378506,8.56549028514738
750388563,8.56548892616795
750398516,8.56548739862574
750468528,8.56547686576547
750488526,8.56547391651507
750518504,8.56546955756371
750618519,8.56545537788127
750788565,8.56543428978287
750818505,8.56543097886545
750888524,8.56542380314364
750948501,8.56541832855531
750968386,8.56541624315831
751148711,8.56540474077728
751228436,8.56540146605501
751288291,8.56540024397528
751308374,8.56540002399731
751348369,8.56539987032168
751368453,8.56539994377662
751428509,8.56540119732908
751448380,8.56540161664565
751508366,8.56540342695262
751528403,8.56540423651029
751568560,8.56540664006207
751628720,8.56541007369706
751708569,8.5654157665112
751728507,8.56541740964828
751748461,8.56541912855909
751828562,8.56542719644376
751868525,8.56543130715019
751928567,8.56543800674669
751948459,8.56544036005523
751968556,8.56544316184174
752028437,8.5654507662148
752088682,8.56545882669247
752158901,8.56546863251184
752548331,8.5655305597349
752578443,8.5655357366099
752618601,8.565542235745
752638700,8.56554547604709
752708484,8.56555670226124
752768454,8.56556648497186
752828474,8.56557586615744
752868475,8.56558202104392
752968476,8.5655971784519
753028312,8.56560609796828
753068467,8.56561203462048
753268478,8.56564205134436
753378401,8.56565865020679
753418406,8.56566509774709
753428447,8.56566657169792
753438327,8.56566804219927
753448371,8.565669509485
753468453,8.56567243416106
753478497,8.56567389203735
753568692,8.56568688697646
753648346,8.56569834689738
753688399,8.56570407883092
753788507,8.56571780165003
753818462,8.56572199878002
753848395,8.56572620310322
753918387,8.56573600362881
753938405,8.56573879361584
753968589,8.565742710888
753978632,8.56574409814707
753988673,8.56574548547109
754048843,8.5657538049344
754148894,8.56576754443874
754168464,8.56577014314223
754308692,8.56578873349588
754328695,8.56579131588887
754368717,8.56579642750317
754388798,8.56579904513319
754428506,8.56580404610536
754478468,8.56581016336301
754488521,8.56581136563441
754498317,8.56581256024198
754568579,8.56582106568939
754619152,8.56582664004481
754629128,8.56582772759193
754668468,8.56583198296207
754708488,8.56583607454089
754728487,8.56583805668579
754768466,8.56584218389473
754828488,8.56584762558296
754838489,8.56584849430161
754858522,8.56585019545647
754968417,8.56585889016436
755048891,8.5658642944275
755068732,8.56586553690441
755108458,8.56586788973026
755168404,8.56587093295113
755428796,8.56588097201884
755468498,8.56588188811566
755548569,8.56588328588811
755629135,8.565883868779
755668495,8.56588404484286
755678497,8.56588406530446
755848495,8.56588290486343
755868495,8.56588260487088
755908501,8.56588190601652
755948471,8.56588106124094
756028766,8.56587908966345
756128412,8.56587576142306
756228432,8.56587181590254
756268432,8.56587001045634
756308359,8.56586810734696
756328372,8.56586711806168
756448473,8.56586070798525
756468539,8.56585953009767
756548729,8.56585452822924
756628499,8.56584911521352
756728566,8.56584160734778
756788605,8.56583664257926
756848493,8.56583153351802
756868495,8.56582976940911
756888600,8.56582797566531
756928431,8.5658242990462
757048755,8.56581271451437
757088366,8.56580857131787
757148431,8.56580215556152
757228529,8.56579318682397
757268696,8.56578857621357
757308718,8.56578388855589
757528634,8.5657566825464
757579155,8.56575015676031
757589262,8.5657488349607
757618534,8.56574485232064
757878495,8.5657090720037
757898485,8.56570631176074
757918541,8.56570354642642
757948345,8.5656993926229
757978457,8.56569494065567
758028326,8.56568800230713
758089044,8.56567968380395
758128510,8.56567414739495
758138510,8.56567276403506
758188597,8.56566544048231
758198505,8.56566406212325
758208469,8.56566268499948
758218513,8.56566130908082
758228503,8.56565993384783
758238493,8.56565855860583
758248492,8.5656571835931
758258487,8.56565580963655
758268492,8.56565443713641
758278492,8.56565306667408
758288603,8.56565169849322
758298503,8.5656503327012
758308495,8.56564896922074
758318508,8.56564760798372
758328327,8.56564624918793
758338422,8.56564489211725
758348406,8.56564353661953
758358482,8.5656421825337
758768400,8.56558807949974
758828449,8.56558066649786
758868314,8.56557580585141
758908480,8.56557100616521
758948642,8.56556625297204
759048984,8.56555443966853
759088509,8.56554989015308
759128523,8.56554539791911
759188519,8.56553867196936
759248493,8.56553217406502
759288562,8.56552791290054
759308491,8.56552580557038
759388564,8.56551743417783
759448452,8.56551129000339
759678490,8.56548835823782
759698471,8.56548641123817
759718572,8.56548446973719
759968581,8.56546056010162
760068490,8.56545130848863
760288417,8.56543115358745
760428707,8.56541847343499
760488388,8.56541312078323
760509158,8.56541134473981
760529184,8.56540957501135
760559301,8.56540693229583
760668518,8.56539725529342
760688549,8.56539550961105
760748652,8.56539028238047
760888613,8.56537819801987
760918756,8.56537568911321
760968784,8.56537145210691
761028421,8.56536666893355
761128379,8.56535897994009
761168337,8.56535600335297
761188472,8.56535452616517
761288519,8.56534725030416
761348465,8.56534296220762
761388623,8.56534025381114
761468933,8.56533455807343
761508954,8.56533172463567
761618514,8.56532380571904
761708492,8.56531745408086
761748587,8.56531464255469
761928586,8.56530199187067
762068504,8.56529219845795
762128483,8.56528808975039
762148543,8.56528672711245
762168537,8.56528531457091
762178552,8.56528463192606
762228372,8.56528123982345
762288656,8.5652771867224
762328507,8.56527450421546
762428857,8.56526788612273
762438322,8.56526722950747
762529063,8.56526137161782
762578485,8.56525807241587
762628505,8.56525489571915
762708507,8.56524987874035
762728505,8.5652486292249
762768512,8.56524611971895
762798507,8.56524430596519
762868410,8.56524015699002
762878455,8.56523958386992
762908591,8.56523790826152
762968954,8.56523437186278
762998976,8.56523272605182
763087501,8.56522792624918
763097500,8.56522740816679
763127533,8.56522587297895
763187437,8.56522281146037
763197476,8.56522232399806
763217553,8.56522135326577
763267610,8.56521896050736
763307763,8.56521709513494
763327843,8.56521618356813
763347909,8.56521528069739
763387999,8.5652134080441
763467944,8.56520995037999
763518103,8.56520786071877
763527643,8.5652074490928
763567385,8.56520584594334
763587466,8.56520504755836
763727476,8.56519966137395
763787409,8.56519736838273
763867664,8.5651945135881
763948236,8.56519176069029
764068524,8.56518765231741
764088464,8.5651870071289
764388622,8.56517787791137
764508516,8.56517449933161
764528550,8.56517395028738
764968500,8.56516285853529
765038494,8.56516110242917
765068499,8.56516042417084
765168340,8.565157993945
765188562,8.56515756641438
765248444,8.56515631521216
765308593,8.56515510680707
765368839,8.56515393936553
765388355,8.56515356019569
765449233,8.56515252130514
765488722,8.56515180494998
765908885,8.56514550130743
765968523,8.56514471814202
766088464,8.56514333526167
766128460,8.56514290820664
766168417,8.56514249759723
766178458,8.56514239713023
766228373,8.56514190514897
766268516,8.56514153775444
766308681,8.56514119021019
766328674,8.56514102075596
766368786,8.56514069399998
766488497,8.56514004549771
766508520,8.5651399131912
766548563,8.56513965975572
766608518,8.56513928340071
766688553,8.5651388406704
766768592,8.56513843160294
766808479,8.5651383285262
766868385,8.56513806457207
766878965,8.56513802331329
766908945,8.56513790184547
767088516,8.56513706833492
767188549,8.56513677763646
767478536,8.56513602186754
767568474,8.56513582069174
767808556,8.5651352725021
767898940,8.56513509397271
768008517,8.56513472713168
768088441,8.56513457176198
768128442,8.56513449224019
768188551,8.56513440258383
768268775,8.5651342572763
768288845,8.56513422155224
768508751,8.56513354051673
768668413,8.56513343594875
768708462,8.56513337252539
768728771,8.56513334155008
768748851,8.56513331003226
768768936,8.56513335626139
768809005,8.56513329651671
768948547,8.56513309999998
768968499,8.56513313906544
769008595,8.56513308159945
769068529,8.56513299573902
769088523,8.5651329672144
769128552,8.56513290761796
769268489,8.56513282005586
769368960,8.56513266112583
769468521,8.5651323289088
769658523,8.5651318809969
769678634,8.56513184813953
769758678,8.565131726516
769788619,8.56513182864204
770288797,8.56513086862818
770328847,8.56513078878216
770578882,8.56513043329721
770668479,8.56513026761068
770888387,8.56512973311764
771008510,8.56512938559261
771028407,8.56512934701007
771108438,8.56512919079454
771128432,8.56512915208255
771148514,8.56512911294896
771208626,8.56512884949787
771288816,8.56512868406978
771309008,8.5651286416852
771339000,8.5651285771847
771368505,8.56512851225225
771428575,8.56512799045468
771488386,8.56512785071463
771568681,8.5651273499342
771608535,8.56512724749004
771809208,8.56512668197422
771888517,8.56512647997445
772008551,8.56512608737012
772118529,8.56512580408489
772208474,8.56512536573193
772478745,8.5651244163925
772628526,8.56512399393745
772698695,8.56512390045704
772718567,8.56512387655627
772728617,8.56512386602403
772809095,8.56512377220627
772918568,8.56512372928383
773348637,8.56512376232086
773628507,8.56512349668532
773708971,8.56512350805226
773888559,8.56512341839994
773918589,8.56512342192523
773928547,8.56512342358339
774028534,8.56512336008345
774108556,8.56512337180044
774128515,8.5651233735912
774138623,8.56512337485851
774228362,8.56512339757984
774258980,8.56512340327702
774298516,8.56512341083526
774428538,8.56512289788188
774498511,8.56512289237058
774588513,8.56512281213754
774618519,8.56512281086186
774868541,8.56512271474512
774928534,8.56512271042967
774968573,8.56512264060777
774998585,8.56512263879971
775028516,8.5651226363457
775038569,8.56512263506292
775088533,8.56512263176871
775098536,8.56512263120058
775128617,8.56512262833981
775198781,8.56512257983161
775228865,8.56512257717686
775248764,8.56512257469082
775268773,8.56512257403862
775288534,8.56512257258096
775508534,8.56512238710201
775608397,8.56512239593016
775678538,8.56512238795723
775688517,8.56512238647625
775888509,8.56512234323157
775898513,8.56512234324699
775908508,8.56512234162757
775918507,8.56512234045199
775928512,8.56512233956487
775938640,8.5651223397071
775948604,8.56512233869524
775958517,8.56512233690078
775968645,8.56512229881558
775978599,8.56512229828034
775988535,8.56512229776797
775998504,8.56512229706637
776008632,8.56512229677887
776018581,8.56512229612235
776048617,8.56512229295845
776118648,8.56512228730006
776128651,8.56512228609325
776138718,8.56512228572834
776148688,8.56512228497421
776158584,8.56512228349915
776188440,8.56512220005548
776198458,8.56512219898778
776208508,8.56512219813802
776248594,8.56512219509293
776288489,8.56512219146698
776348747,8.56512218510986
776358602,8.56512218507276
776388604,8.56512220287303
776428601,8.5651222009198
776498605,8.56512219733104
776518600,8.5651221956748
776548481,8.56512219523162
776558527,8.56512219355695
776588580,8.56512224550015
776628633,8.56512224654027
776688766,8.56512224747621
776748924,8.56512224734827
776758866,8.56512224776189
776798962,8.56512221207365
776828549,8.56512221254151
776849087,8.56512221223463
776908604,8.56512221434066
776988579,8.56512219342699
777008582,8.56512219435684
777018604,8.56512219473434
777058578,8.56512219608115
777088579,8.56512219838558
777128422,8.56512220113049
777208746,8.56512218826378
777228663,8.56512219003713
777268692,8.56512219308279
777288593,8.56512219518494
777308422,8.56512219654667
777338530,8.56512219736304
777348756,8.56512219851128
777368651,8.56512220024779
777378813,8.56512220067231
777398581,8.56512194888088
777448565,8.56512194742897
777468622,8.56512194760959
777508576,8.56512194510067
777528600,8.5651219436811
777568646,8.56512191321798
777608596,8.56512191209811
777648475,8.56512191192936
777698764,8.56512191106346
777738853,8.56512191032764
777748575,8.56512190982813
777848673,8.56512154454036
777948582,8.56512152586839
777988576,8.56512152720022
777998671,8.56512152660728
778048569,8.56512151874664
778078552,8.56512151525344
778098549,8.56512151104519
778168586,8.56512152284087
778188714,8.56512152132846
778208812,8.56512151836447
778248572,8.56512151339244
778268687,8.56512151145559
778278550,8.56512151151868
778288548,8.56512150976498
778328578,8.56512150562142
778388536,8.56512161330872
778428744,8.56512161297179
778448592,8.56512161200389
778468678,8.56512161213087
778488412,8.56512161054709
778498417,8.56512160952672
778538470,8.56512160822538
778558510,8.56512160724716
778608663,8.56512154632599
778628741,8.56512154550918
778668794,8.56512154338109
778688959,8.56512154374798
778698960,8.56512154196619
778708964,8.5651215424802
778728939,8.56512154140674
778738992,8.56512154127231
778778838,8.56512141918529
778798540,8.56512141764864
778808549,8.56512141625569
778818547,8.56512141588902
778838883,8.56512141405165
778858552,8.5651214137061
778888656,8.56512141120045
778898424,8.56512141184397
778949011,8.56512140707197
778968592,8.56512153870262
778988638,8.5651215389028
779008572,8.56512153932244
779028594,8.56512154052451
779068680,8.56512154069687
779088417,8.56512154018674
779108509,8.56512154102081
779148832,8.56512154165555
779158717,8.5651215424838
779168774,8.56512150856764
779228568,8.56512151010945
779268611,8.56512151208669
779368667,8.56512151782979
779388662,8.56512156795049
779408677,8.56512156958546
779418404,8.56512157029049
779448750,8.56512157350942
779468697,8.56512157563433
779568588,8.56512159316036
779588653,8.56512159553553
779608710,8.56512159803699
779628748,8.56512160030901
779648940,8.5651216021213
779658932,8.56512160322857
779698935,8.56512160778331
779708938,8.56512160917839
779728792,8.56512161125746
779798547,8.56512152734337
779808512,8.56512152839855
779818548,8.56512152890505
779868455,8.56512153532407
779898652,8.56512153867526
779958635,8.56512154543351
779968688,8.56512152257873
779988716,8.56512152540104
780028531,8.56512152878181
780048539,8.56512153245041
780068589,8.56512153460991
780088633,8.56512153691302
780118714,8.5651215412624
780128717,8.56512154257684
780148746,8.56512154545626
780158617,8.56512154784929
780168671,8.56512135464458
780208626,8.56512135502135
780288546,8.56512135858846
780388633,8.56512182251234
780428552,8.56512183508665
780528519,8.56512186451731
780558397,8.56512187251451
780568414,8.56512179714699
780588620,8.56512180265708
780598681,8.56512180608496
780738741,8.56512184635977
780748574,8.56512184919299
780758580,8.5651218524856
780768506,8.56512185462925
780808531,8.5651219455441
780868631,8.56512196829532
780928552,8.56512199065854
780958619,8.56512200281841
780968586,8.56512179475884
780998601,8.56512180383698
781028687,8.56512181173127
781048767,8.56512181779958
781088679,8.56512183097452
781208760,8.56512180025885
781228580,8.5651218076655
781268607,8.56512181807721
781288608,8.56512182429863
781348690,8.56512184161231
781398476,8.56512180729052
781408742,8.56512180958963
781468539,8.56512182733815
781508674,8.56512183819072
781588855,8.56512181762456
781628986,8.56512182907617
781648855,8.56512183431011
781688464,8.56512184599375
781698910,8.56512184918171
781708551,8.5651218516874
781728904,8.56512185765994
781739107,8.5651218605759
781788412,8.56512177464278
781858579,8.56512179425074
781868606,8.56512179752511
781928606,8.56512181510017
781948695,8.56512182046872
781968617,8.56512162481599
782008463,8.56512163221975
782028553,8.56512163687923
782048779,8.56512164011613
782088581,8.56512164957508
782138756,8.565121660836
782148631,8.56512166251234
782158588,8.56512166463071
782168643,8.5651216914741
782228466,8.56512170607511
782238716,8.5651217089925
782278693,8.56512171980198
782288466,8.56512172197445
782388610,8.56512174969429
782408677,8.56512167876493
782468715,8.56512169248803
782528667,8.56512170821442
782568796,8.56512171054209
782598839,8.56512171863818
782628583,8.56512172686455
782668642,8.56512173812333
782688601,8.56512174416853
782698605,8.5651217474042
782708605,8.56512175020688
782728606,8.56512175479271
782758475,8.5651217623521
782788613,8.56512159978908
782808773,8.56512160352671
782828603,8.56512160756568
782868625,8.5651216164884
782908606,8.56512162421467
782948618,8.56512163250888
782988606,8.56512159665728
783088634,8.56512161692202
783098658,8.56512161882529
783108657,8.56512162157218
783128553,8.5651216251292
783148561,8.56512162960683
783168643,8.56512139027004
783178580,8.56512139068961
783228572,8.56512139601617
783248587,8.56512139677558
783258426,8.565121398317
783288381,8.56512140086426
783298424,8.56512140250383
783308713,8.56512140387423
783348656,8.56512140813791
783368679,8.56512141030475
783388548,8.56512141345032
783408550,8.56512141742346
783448603,8.56512142325439
783468577,8.56512142602496
783488435,8.56512142823639
783498632,8.56512142902306
783508686,8.56512143042348
783528654,8.56512143311509
783538810,8.56512143481812
783548693,8.56512143679439
783588405,8.56512131346425
783608498,8.56512131495012
783628653,8.56512131762963
783638740,8.56512131744153
783688576,8.56512132117384
783708607,8.5651213228887
783768691,8.56512133202907
784568556,8.5651213034677
784648444,8.56512121845227
784658394,8.56512121873123
784848527,8.56512113402554
784858532,8.56512113492488
784868538,8.56512113496234
784888769,8.565121134239
784968995,8.56512111047717
785018993,8.56512111089183
785049024,8.56512111071542
785058793,8.5651211109975
785068788,8.56512111097133
785078831,8.56512111109772
785088564,8.5651211114789
785098565,8.56512111094381
785108900,8.56512111236984
785118583,8.56512111146076
785128548,8.56512111209425
785138609,8.56512111208681
785148594,8.56512111286932
785158421,8.56512111283375
785168470,8.56512093708101
785178515,8.56512093661198
785188953,8.56512093580789
785198580,8.56512093582391
785208627,8.56512093464446
785218981,8.56512093413675
785228546,8.56512093376679
785238995,8.56512093316154
785248576,8.56512093308102
785258546,8.56512093234442
785268564,8.56512093218966
785278564,8.56512093109547
785288564,8.56512093169547
785348678,8.56512092878304
785358565,8.56512092794844
785368559,8.56512092770744
785398572,8.5651208501509
785448674,8.56512084684969
785458404,8.56512084457628
785488731,8.56512084295239
785508835,8.56512084112894
785538777,8.56512084032242
785558606,8.56512083955497
785598610,8.56512087043816
785778647,8.56512107705027
786038646,8.56512103564677
786168666,8.56512103932295
786188674,8.56512116765416
786198434,8.56512116885881
786228646,8.56512117321186
786238667,8.56512117391389
786278642,8.56512117811541
786288594,8.56512117972801
786298582,8.56512118153019
786308565,8.56512118295149
786318546,8.56512118401924
786338546,8.56512118697359
786348602,8.56512118770014
786368567,8.5651211909956
786378614,8.56512119144068
786418666,8.56512110599595
786428628,8.56512110711544
786438380,8.56512110835983
786468398,8.56512111057398
786478693,8.56512111175575
786488460,8.56512111275445
786498476,8.56512111271319
786508520,8.56512111344877
786518565,8.56512111443315
786528571,8.56512111496386
786538577,8.56512111677138
786548583,8.56512111757212
786558618,8.56512111817455
786568628,8.56512111945645
786578629,8.56512094413758
786588828,8.56512094405171
786598850,8.56512094412711
786608855,8.56512094411263
786618614,8.56512094491478
786628662,8.56512094356373
786638935,8.56512094506308
786648808,8.56512094433632
786658947,8.56512094475027
786668938,8.56512094487342
786679003,8.56512094484212
786688995,8.56512094592936
786698871,8.56512094480577
786988584,8.56512102609129
786998540,8.56512102668163
787008635,8.56512102776854
787028575,8.56512102994092
787038575,8.56512103069113
787048649,8.56512103210745
787078621,8.565121035495
787098659,8.56512103718082
787108657,8.56512103821054
787128742,8.5651210401459
787338573,8.56512092606653
787348606,8.56512092662778
787358606,8.5651209279379
787368555,8.56512092797821
787378811,8.56512092808769
787388387,8.5651209297323
787398434,8.5651208595133
787408602,8.56512086124136
787418601,8.56512086046757
787428655,8.56512086142888
787438601,8.56512086228041
787448732,8.56512086299736
787458551,8.5651208638593
787468518,8.56512086417537
787478561,8.56512086477483
787488556,8.56512086559139
787498555,8.56512086601366
787508553,8.56512086697872
787518554,8.56512086765034
787548727,8.56512086877506
787568550,8.56512097157842
787588603,8.565120974353
