Time,vcu.GNSS.latitude
611858134,49.3303887572998
612298010,49.3303887864673
612310855,49.3303887845646
612318219,49.3303887826334
612328214,49.3303887808138
612338238,49.3303887784316
612348255,49.3303887768038
612358264,49.3303887746089
612368089,49.3303887721611
612378135,49.3303888818733
612388135,49.3303888804842
612398131,49.3303888789686
612408280,49.3303888765174
612418161,49.3303888751303
612428131,49.3303888733447
612438180,49.330388871423
612808289,49.3303890089419
612817980,49.3303890077936
612848217,49.330389004402
612888110,49.330388998842
612910877,49.3303889959691
612918133,49.3303889945093
612948139,49.3303889906385
612958109,49.3303890441148
612968114,49.3303890424746
612988110,49.3303890399356
613018106,49.3303890354335
613028103,49.3303890340211
613038205,49.3303890336364
613108243,49.330389023866
613118179,49.3303890221997
613128017,49.3303890215386
613158189,49.3303890177717
613188123,49.3303891056998
613208156,49.3303891034932
613218095,49.330389102616
613248124,49.3303890986061
613268127,49.3303890964523
613298195,49.3303890933131
613378206,49.3303891598894
613418161,49.3303891558911
613448158,49.3303891527497
613458123,49.3303891511074
613468122,49.3303891500492
613488123,49.3303891485124
613508220,49.3303891469416
613538231,49.3303891440524
613548161,49.3303892234988
613568207,49.3303892223896
613618144,49.330389217689
613648124,49.3303892150281
613658093,49.330389213672
613687984,49.3303892109443
613708070,49.3303892092053
613768101,49.3303892514845
613808228,49.3303892477911
613888269,49.3303892403797
613958115,49.33038944457
613998101,49.3303894439816
614008229,49.3303894445343
614067987,49.3303894431995
614088186,49.3303894423307
614118221,49.3303894419775
614168123,49.3303895992076
614188073,49.3303895996254
614198119,49.3303896004077
614208101,49.3303896005122
614217944,49.3303896011222
614238003,49.3303896021562
614268185,49.3303896030108
614308156,49.3303896036795
614318103,49.3303896043897
614358008,49.3303896053012
614368235,49.3303895949281
614388207,49.330389595399
614407980,49.3303895947478
614428269,49.3303895956472
614468205,49.3303895963952
614518103,49.3303895971385
614587996,49.3303896486739
615728214,49.3303899867967
615748196,49.3303899878995
615768252,49.3303901611531
615778277,49.3303901621577
615788194,49.3303901623324
615798209,49.3303901644917
615808276,49.33039016508
615818186,49.3303901661148
615848221,49.3303901695919
615858237,49.3303901701335
616048304,49.3303902887903
616058295,49.3303902891011
616068342,49.3303902908514
616078245,49.3303902925306
616088206,49.3303902932421
616098202,49.3303902946717
616108207,49.3303902959318
616118210,49.330390296968
616128249,49.3303902987737
616138313,49.330390300238
616148097,49.3303902337483
616158263,49.3303902348796
616168314,49.330390234849
616178293,49.3303902357783
616188291,49.3303902367238
616198209,49.3303902379018
616208212,49.3303902384474
616218208,49.3303902399557
616228026,49.3303902400858
616238276,49.330390240707
616248038,49.3303902413153
616258041,49.3303902431595
616268074,49.330390243168
616278083,49.3303902437483
616288089,49.3303902444909
616298093,49.3303902457996
616308122,49.3303902464101
616318131,49.3303902470767
616328136,49.3303902479883
616338142,49.3303902489549
616348148,49.3303902498384
616358182,49.3303902507663
616388197,49.3303903625695
616408238,49.3303903646379
616418436,49.3303903655218
616468624,49.3303903701308
616488609,49.3303903726539
616508604,49.330390374692
616518609,49.3303903756632
616548106,49.3303903802007
616608203,49.3303903849924
616618209,49.3303903857177
616688272,49.3303903910328
616738766,49.3303903948705
616748238,49.3303903949481
616758203,49.3303903950658
616768252,49.3303903955838
616778248,49.3303903965157
616788183,49.3303903965585
616808187,49.3303903977478
616818208,49.3303903984012
616848208,49.3303904000534
616868326,49.3303904013779
616878218,49.3303904010237
616888059,49.3303904019678
616908073,49.3303904024335
616918078,49.330390403106
616988208,49.3303904740948
617008015,49.3303904752635
617017985,49.3303904754354
617048041,49.3303904775077
617088138,49.3303904784307
617118185,49.3303904799028
617168156,49.3303905382841
617178162,49.3303905386684
617188465,49.3303905395964
617248522,49.3303905429932
617258434,49.3303905431698
617268620,49.3303905435376
617288454,49.3303905453153
617298434,49.3303905454077
617308111,49.3303905464087
617318122,49.3303905467102
617338540,49.3303905479042
617368178,49.3303905487037
617378463,49.3303905307109
617387971,49.3303905306479
617408030,49.3303905315628
617418074,49.330390531246
617488119,49.3303905331454
617508114,49.3303905330214
617518122,49.3303905331775
617548122,49.3303905343121
617657977,49.3303905297638
617668021,49.3303905306731
617698233,49.3303905304119
617708242,49.3303905305464
617788229,49.3303906380043
617818142,49.3303906394111
617848142,49.3303906408071
617878193,49.3303906418641
617888003,49.3303906423033
617908238,49.3303906424762
617918005,49.3303906425298
618008121,49.3303906410699
618048144,49.3303906413353
618118117,49.330390642056
618188117,49.3303906690102
618217990,49.3303906693444
618258230,49.3303906686683
618268275,49.3303906685958
618298315,49.3303906689673
618308180,49.3303906686305
618318208,49.3303906689889
618388216,49.3303906773951
618418027,49.3303906773321
618448226,49.3303906763302
618468273,49.3303906760734
618488140,49.330390676168
618498144,49.3303906751046
618508213,49.3303906747738
618618141,49.3303907711517
618678183,49.3303907714403
618718143,49.3303907711824
618768174,49.3303907682305
618807983,49.3303907675441
618838059,49.3303907664778
618887986,49.3303907645036
618918399,49.3303907636759
618968175,49.3303908479466
619008167,49.3303908476788
619018157,49.3303908476436
619088060,49.330390846264
619118301,49.3303908454793
619178167,49.3303909220833
619218377,49.3303909222819
619258401,49.330390921722
619288378,49.330390920907
619318029,49.330390921217
619358599,49.330390920661
619388713,49.3303909260644
619418693,49.3303909254473
619438784,49.3303909252676
619488153,49.3303909235228
619508195,49.3303909232469
619518146,49.3303909226423
619568236,49.3303909446291
619598147,49.3303909437324
619638176,49.3303909423844
619648129,49.3303909421222
619668233,49.3303909411524
619688146,49.3303909405983
619718150,49.3303909394895
619728122,49.3303909388062
619748150,49.3303910191593
619788146,49.3303910182046
619798190,49.3303910185456
619808190,49.3303910184219
619818232,49.3303910183491
619857975,49.3303910173079
619908042,49.3303910165454
619917973,49.330391016398
619978318,49.330391048971
619988148,49.330391049277
620018152,49.3303910487296
620058133,49.330391048357
620088131,49.3303910475134
620098198,49.3303910464335
620108178,49.3303910469928
620208195,49.330391087487
620218151,49.3303910863067
620248154,49.3303910863036
620287953,49.3303910854208
620308020,49.3303910846932
620318238,49.3303910848269
620388352,49.3303912041089
620408181,49.3303912049048
620458239,49.3303912057044
620468345,49.330391205151
620498053,49.3303912057233
620508343,49.3303912063649
620618206,49.3303912018308
620708158,49.3303912015181
620718129,49.3303912024101
620788015,49.3303912725139
620818157,49.3303912737194
620838318,49.3303912739887
620848301,49.3303912746424
620888129,49.3303912752764
620908173,49.3303912757438
620988237,49.3303912444417
620998275,49.330391244779
621018307,49.3303912436703
621038002,49.3303912440913
621048018,49.3303912442771
621078248,49.3303912440571
621088239,49.3303912438053
621108281,49.330391243146
621118155,49.3303912438108
621158158,49.3303913780346
621178180,49.3303913791315
621188148,49.3303913798933
621208200,49.33039138066
621218189,49.3303913811441
621247991,49.3303913823177
621268085,49.3303913833171
621287988,49.3303913839149
621318320,49.3303913853906
621368319,49.3303913873361
621388160,49.3303915885476
621448156,49.3303915968505
621458134,49.3303915982245
621468237,49.3303916000217
621498200,49.3303916038729
621518040,49.3303916063871
621548310,49.3303916098251
621578185,49.3303916705663
621608285,49.3303916753647
621648133,49.3303916818972
621658126,49.3303916834941
621668330,49.3303916847031
621698197,49.3303916889937
621788021,49.3303914496838
621798257,49.3303914505165
621818214,49.3303914513321
621838244,49.3303914513255
621868233,49.3303914521681
621878143,49.3303914524197
621888154,49.3303914525858
621918130,49.3303914529267
621988152,49.3303913858988
622028003,49.3303913847613
622058247,49.3303913842925
622068342,49.3303913838902
622088155,49.3303913836612
622178037,49.3303913148936
622188324,49.3303913135281
622248163,49.3303913100563
622258140,49.3303913102094
622298100,49.3303913077504
622308272,49.3303913065258
622318245,49.3303913071078
622378160,49.3303913350429
622408188,49.3303913337039
622418162,49.3303913332987
622448141,49.3303913321107
622458143,49.3303913317751
622468237,49.3303913306019
622488189,49.3303913294871
622498282,49.3303913286795
622548196,49.3303913247827
622558017,49.3303913244713
622568032,49.3303913238239
622598378,49.3303913213187
622608057,49.3303913204598
622618342,49.3303913202748
622658118,49.3303913176703
622708003,49.3303913138146
622718038,49.3303913131102
622798507,49.330391353407
622828245,49.3303913515877
622838279,49.3303913509244
622848201,49.3303913507012
622868472,49.3303913493177
622878476,49.330391348523
622888368,49.3303913478931
622908375,49.3303913469199
623008175,49.3303912906707
623018162,49.3303912896562
623038198,49.3303912877988
623078033,49.3303912840315
623108545,49.3303912814811
623118309,49.3303912806308
623168165,49.3303912686431
623208155,49.3303912644329
623217990,49.3303912629537
623268249,49.3303912586613
623287991,49.3303912562577
623348238,49.3303912496796
623378236,49.3303912458904
623418140,49.3303912473577
623448139,49.330391243892
623468163,49.3303912419684
623488161,49.3303912392751
623498214,49.3303912377699
623508163,49.3303912366736
623568267,49.3303912327666
623578247,49.3303912317695
623588247,49.3303912306094
623618165,49.3303912276746
623658230,49.3303912221931
623668251,49.3303912213779
623688155,49.3303912187234
623728267,49.3303912146291
623748200,49.3303912118055
623788079,49.3303912863739
623818334,49.3303912836016
623868193,49.3303912789886
623908158,49.3303912758263
623918161,49.330391274828
623988143,49.3303913318025
624038285,49.3303913292427
624068298,49.3303913269717
624078156,49.3303913266129
624118172,49.330391324765
624168059,49.3303913210703
624188202,49.3303913196397
624208211,49.3303913187384
624218162,49.3303913182892
624248003,49.3303913166297
624278020,49.3303913147112
624308078,49.330391313188
624318121,49.3303913126195
624378347,49.3303912760916
624388353,49.3303912758526
624408002,49.3303912747017
624458366,49.3303912713544
624468370,49.3303912705605
624498193,49.3303912680046
624508224,49.3303912674951
624578208,49.3303912784572
624608383,49.3303912767883
624648408,49.3303912748123
624668431,49.330391273061
624698491,49.33039127128
624808174,49.3303913082596
624868023,49.3303913060973
625068167,49.3303912872988
625088182,49.3303912861989
625108169,49.3303912858927
625138176,49.3303912843756
625178157,49.3303912403791
625197998,49.3303912394218
625208027,49.3303912388924
625258327,49.3303912370575
625298109,49.3303912355322
625378233,49.3303912454419
625588395,49.3303912801005
625598393,49.3303912794861
625618174,49.3303912795461
625668202,49.3303912777751
625818198,49.3303913045754
625868174,49.3303913046834
625888196,49.3303913040214
626048006,49.3303913425651
626188080,49.3303913739416
626208102,49.3303913751882
626248174,49.3303913781264
626267976,49.3303913788545
626468425,49.3303914244255
626508153,49.3303914274933
626588149,49.3303915134078
626668165,49.330391523082
626748324,49.3303915336557
626788202,49.3303915034268
626818144,49.3303915073605
626868010,49.3303915125853
626918377,49.3303915184434
627008234,49.3303914113022
627108040,49.3303914183331
627148092,49.3303914215131
627208577,49.3303913411715
627268489,49.3303913437678
627278489,49.3303913445628
627298489,49.3303913453032
627308406,49.3303913457031
627407995,49.3303912705761
627458212,49.3303912715588
627478161,49.3303912716002
627608186,49.3303912280137
627648188,49.3303912276726
627658160,49.3303912278954
627667987,49.3303912275849
627698272,49.3303912272029
627808193,49.3303911787968
627868246,49.3303911762779
627998243,49.3303911232332
628008012,49.3303911224028
628138243,49.3303911166758
628198276,49.3303910683312
628208279,49.3303910678604
628288268,49.3303910628873
628338114,49.3303910598954
628398153,49.3303910286795
628468198,49.3303910235977
628488298,49.3303910222798
628538324,49.330391018834
628618147,49.3303908998021
628648184,49.3303908960265
628668017,49.3303908933797
628708185,49.3303908882688
628818230,49.3303909760436
628888081,49.3303909713207
628908163,49.3303909700502
628948324,49.3303909666349
629018073,49.3303909115418
629048180,49.3303909089292
629068337,49.3303909074565
629108457,49.3303909034594
629118200,49.330390903021
629248205,49.3303908620155
629268172,49.3303908600812
629418171,49.3303907553385
629488154,49.330390744363
629708252,49.3303907890524
629718151,49.330390787957
629738266,49.3303907862262
629808279,49.3303908044625
629868173,49.3303907990449
629878255,49.3303907983306
629898290,49.3303907968003
629938337,49.3303907926107
629998175,49.3303907757339
630008271,49.3303907751427
630088424,49.3303907668132
630108324,49.3303907644568
630138517,49.3303907616245
630198174,49.3303907907791
630208283,49.3303907891286
630268162,49.3303907841318
630288228,49.3303907830329
630298234,49.3303907822233
630338287,49.3303907790606
630408336,49.3303907502758
630468217,49.3303907444072
630488148,49.3303907419964
630538248,49.3303907379
630598190,49.3303907593789
630668244,49.3303907540895
630738284,49.3303907497934
630798280,49.3303907762534
630868490,49.330390773341
630918237,49.3303907699807
630938596,49.3303907693106
630998368,49.3303908237032
631018465,49.3303908230317
631108199,49.3303908205965
631308072,49.3303908561043
631318029,49.3303908566052
631368233,49.3303908558832
631448180,49.3303909471564
631468197,49.3303909475026
631508178,49.3303909494976
631617998,49.3303909385856
631658262,49.330390940291
631678299,49.3303909407421
631708258,49.3303909422632
631748346,49.330390943742
631808207,49.3303909103405
631858293,49.3303909118147
631908159,49.330390912563
631948243,49.330390914091
632008035,49.3303908697884
632048258,49.3303908697595
632108167,49.3303908708412
632148287,49.3303908721659
632208382,49.3303908960166
632238036,49.3303908978917
632258343,49.3303908987106
632308222,49.3303909002234
632348290,49.3303909020359
632438251,49.3303907917155
632458180,49.3303907918248
632478209,49.3303907913865
632518296,49.3303907914312
632658153,49.3303908048376
632678216,49.3303908053487
632698257,49.3303908059396
632848781,49.3303908441707
632868709,49.3303908449996
632878617,49.330390844593
632898383,49.3303908458932
632908426,49.3303908458165
633008241,49.3303907607485
633038079,49.3303907601315
633068112,49.330390760178
633208281,49.3303906201253
633338335,49.3303906110971
633488331,49.3303906220218
633508431,49.3303906203124
633518198,49.3303906204121
633648408,49.3303906277369
633718088,49.3303906241033
633748106,49.330390622824
633848590,49.330390597529
634108221,49.3303905630329
634208332,49.3303905202522
634248434,49.3303905163666
634268351,49.3303905145271
634278259,49.330390513347
634308344,49.3303905111994
634318385,49.3303905100612
634518166,49.3303905166054
634608218,49.3303906774815
634648074,49.3303906771645
634688278,49.3303906770828
634768380,49.3303906721453
634818448,49.3303906719549
634868347,49.3303906710818
634908266,49.3303906709573
635088119,49.3303906610405
635198494,49.3303906670541
635218502,49.3303906662895
635288070,49.3303906652215
635308700,49.3303906649193
635418498,49.3303906647372
635597997,49.330390776684
635648044,49.330390785838
635668117,49.3303907915506
635768349,49.3303908730801
635868437,49.3303908915217
635878196,49.3303908909143
635888234,49.3303908907825
635948005,49.3303908862238
636068221,49.3303910002815
636088097,49.3303910006888
636248228,49.3303909966443
636268311,49.3303910029951
636288469,49.3303910099859
636448164,49.3303910848772
636488244,49.3303911077109
636508194,49.3303911177291
636648048,49.3303912993158
636688283,49.3303913298767
636708099,49.3303913460887
636808446,49.3303912185296
636848204,49.330391258191
636858194,49.3303912700446
636908075,49.3303913282518
636998168,49.3303914970431
637088173,49.330391657347
637138305,49.3303917632604
637197995,49.3303918887215
637238451,49.3303919910697
637288443,49.3303921303165
637308482,49.3303921903531
637398177,49.3303925978041
637418039,49.3303926719657
637598177,49.3303933141094
637708095,49.3303938778877
637768576,49.3303942065889
637808179,49.3303944431171
637838251,49.3303946267574
637858157,49.3303947523931
637908191,49.3303950770499
637948111,49.3303953480719
638008005,49.3303959010575
638018080,49.3303959747269
638058169,49.3303962759313
638108094,49.3303966670435
638148327,49.3303969914556
638208418,49.3303974503031
638238382,49.3303977112831
638248423,49.330397799738
638258489,49.3303978888636
638278547,49.3303980691376
638408271,49.3303991793574
638448129,49.3303995809548
638508093,49.3304002068974
638708379,49.3304026044173
638768599,49.3304033084389
638868366,49.3304046140886
638878371,49.3304047488375
639048479,49.3304072220026
639148055,49.33040875322
639188213,49.3304093525303
639248799,49.3304103261688
639268815,49.3304106567893
639288205,49.3304109900965
639318195,49.3304114949852
639368338,49.3304123486471
639408228,49.3304130732337
639448210,49.3304137770749
639568287,49.330415914784
639658126,49.330417558188
639818172,49.3304205316794
639858193,49.3304212966212
639908249,49.3304222607546
640008147,49.330424099119
640078197,49.3304254898912
640148141,49.3304269030406
640258177,49.3304291353032
640308322,49.3304301767787
640348197,49.3304310184148
640408206,49.3304321837057
640448035,49.3304330370942
640508353,49.3304343334023
640568370,49.3304356654921
640698627,49.3304385460559
640718708,49.3304389948259
640768721,49.3304400875383
640858368,49.3304421363223
640878259,49.3304425958809
640918251,49.3304435178797
640948267,49.3304442126573
641068507,49.3304470458832
641108224,49.3304479945632
641168725,49.3304495137682
641208984,49.3304504738966
641288198,49.3304524053659
641318198,49.3304531330317
641368291,49.3304543485844
641448175,49.3304563911499
641518197,49.3304581130625
641668455,49.3304617764187
641768214,49.3304643756317
641858421,49.3304666543061
641868521,49.3304669071268
641898442,49.3304676676188
642068133,49.3304719054596
642088027,49.3304724140177
642288202,49.3304775960531
642298242,49.3304778519945
642558094,49.3304845652858
642708707,49.3304884407962
642768309,49.3304899259575
642818202,49.3304911964409
642858127,49.3304921743129
642918169,49.3304936314549
642968276,49.3304949154056
643058518,49.330497066285
643078633,49.3304975403143
643238864,49.3305014962153
643368395,49.3305045580391
643418058,49.330505775636
643448176,49.3305064843604
643488047,49.3305074304005
643508127,49.3305079040435
643568596,49.3305092694414
643708222,49.3305125937236
643718211,49.3305128316757
643908224,49.3305174243716
643968190,49.3305189110261
643978192,49.3305191476425
644068202,49.3305212626037
644148669,49.3305231239399
644218214,49.3305247695247
644268191,49.3305259155985
644288190,49.3305263723635
644298298,49.3305266002903
644468213,49.3305302867318
644498293,49.3305309553714
644538318,49.3305318430782
644708213,49.3305355513783
644738240,49.3305362042735
644748263,49.3305364217812
644888247,49.3305393670702
645008036,49.3305419428929
645098047,49.3305438849132
645208209,49.3305463302284
645248186,49.330547172795
645298210,49.3305482171648
645408213,49.3305505022184
645448074,49.3305513135011
645488239,49.3305521172653
645498310,49.3305523170176
645598516,49.3305543819458
645608660,49.3305545779772
645668147,49.3305557435811
645678187,49.3305559363448
645808060,49.3305584217373
646288215,49.3305667166195
646348191,49.3305676658986
646388216,49.3305681377847
646468264,49.3305693335312
646508149,49.3305699117144
646688194,49.3305724910891
646698219,49.3305726223929
646708216,49.3305727529626
646808221,49.3305739352689
646838198,49.3305743023731
646858237,49.3305745433905
646898088,49.3305750187078
646908121,49.3305751369582
647068645,49.3305770002672
647138975,49.3305777439666
647338219,49.3305796997616
647358681,49.3305798925207
647388196,49.3305801925103
647468058,49.3305809152166
647538341,49.3305815126526
647558435,49.3305818666629
647608670,49.330582271724
647668232,49.3305827348352
647698216,49.3305829563005
648088061,49.3305851630509
648168188,49.3305856879843
648288093,49.330586090275
648368112,49.3305863132155
648408271,49.3305863517218
648418235,49.3305863751689
648488459,49.3305865283109
648548565,49.3305866427076
648578656,49.330586757717
648608262,49.3305868086547
648618207,49.3305868242371
648688271,49.3305869282494
648848077,49.3305869804458
648868117,49.3305869999842
648938284,49.3305870604304
648968610,49.3305869676106
649099020,49.3305870435324
649138557,49.3305870632415
649238293,49.3305870659251
649258295,49.3305870730195
649348294,49.3305870989294
649368303,49.3305871006265
649388388,49.3305871053199
649438360,49.3305871148958
649458245,49.3305871188723
649548775,49.3305871297836
649648294,49.3305871397171
649658298,49.3305871395847
649668296,49.3305871400671
649718340,49.330587143783
649758330,49.3305870468663
649858169,49.3305870392998
649908306,49.3305870365413
649988634,49.3305869299126
650089031,49.3305869896409
650098846,49.3305870015824
650288368,49.3305873689123
650318203,49.3305875072549
650688289,49.3305908686707
650708191,49.3305911580619
650748148,49.3305917742695
650808174,49.3305927911259
650848165,49.3305935357916
650868174,49.3305939283898
650908357,49.3305947497188
651068230,49.3305985226207
651088336,49.3305990588038
651108200,49.3305996106916
651148230,49.330600760253
651208202,49.3306026943373
651268227,49.3306046459076
651308229,49.3306060157714
651348076,49.3306074324413
651438440,49.3306106021837
651508996,49.3306133315415
651548915,49.3306149419782
651578429,49.330616078943
651638447,49.3306186017858
651858294,49.3306287502704
651908134,49.3306311746096
652058255,49.3306386625396
652108202,49.330641251471
652148299,49.3306433408628
652178225,49.330645045956
652238224,49.3306482323137
652258298,49.3306493050049
652308204,49.3306519984176
652378250,49.3306557699314
652478124,49.3306610490474
652508692,49.3306625576868
652568233,49.3306655960727
652578225,49.3306660582506
652618270,49.3306678491291
652638204,49.3306687038843
652738151,49.3306725710819
652748101,49.3306729241449
652768004,49.3306733238433
652868214,49.3306764015731
652888367,49.3306769716186
652908465,49.330677530742
652948512,49.3306785968895
652978568,49.3306792372363
652998624,49.3306797289164
653068095,49.3306812439943
653148243,49.3306827013714
653168156,49.3306829008691
653418563,49.3306817304365
653488715,49.3306804445763
653518805,49.3306797822051
653608254,49.3306774319661
653708277,49.3306739777743
653748316,49.3306723460592
653868175,49.3306668318783
653898299,49.3306652054829
654048244,49.3306558008444
654108254,49.3306516926812
654248275,49.3306412406588
654268278,49.3306396473872
654308278,49.330636389548
654338281,49.3306338970961
654388277,49.3306298601635
654448715,49.3306246434097
654478692,49.3306219817245
654518314,49.330618380306
654588367,49.3306120066979
654648253,49.3306064667737
654668256,49.3306046126142
654698262,49.3306018281991
654868433,49.3305860466475
654888448,49.330584223636
655148309,49.3305618486149
655178087,49.3305593084364
655268064,49.330552535376
655348711,49.3305470217661
655378620,49.3305452235274
655398681,49.3305439798465
655548159,49.3305359751007
655618248,49.3305329317405
655648205,49.3305318661507
655768095,49.3305288790061
655778137,49.3305286975931
655818302,49.330528095129
655848419,49.3305277795099
655878458,49.3305275849234
656028241,49.3305284561721
656088313,49.3305295122289
656268244,49.3305349941806
656438656,49.3305436457246
656508243,49.3305481478765
656538220,49.3305502119899
656588352,49.3305535886318
656698254,49.3305622411548
656808254,49.3305719165466
656818262,49.3305728091447
656898481,49.3305801111074
656918718,49.3305819771497
656938678,49.3305838585569
657038114,49.3305934134081
657238466,49.3306130122272
657338494,49.3306227190894
657358570,49.3306246357113
657448223,49.3306332200978
657468220,49.3306350775427
657488327,49.3306369182454
657538267,49.3306414270374
657648151,49.3306510196097
657708233,49.3306558653293
657768496,49.3306603669514
657908636,49.3306698671934
657948800,49.3306722302747
658268523,49.3306844232361
658288602,49.3306847398281
658308597,49.3306849971597
658348701,49.3306853431203
658368896,49.3306854381179
658448245,49.3306851096171
658488341,49.3306847069353
658548235,49.3306836984537
658588360,49.3306828826432
658658246,49.3306807864431
658698266,49.3306792890007
658748268,49.3306771226574
658788181,49.3306749742878
658888798,49.3306693520525
658938274,49.3306661194264
658988357,49.3306623217809
659048246,49.330657896723
659068242,49.33065635328
659138244,49.3306506858802
659338410,49.3306326277205
659358660,49.330630738476
659378679,49.3306288350782
659488361,49.3306180263285
659578196,49.3306087231978
659618250,49.330604674308
659658298,49.3306006260167
659668467,49.3305996157216
659708440,49.3305955840498
659768583,49.3305895049142
659788256,49.3305875170435
659798507,49.3305865284848
659858883,49.3305806790545
659878883,49.3305787646859
659988327,49.3305683332174
660048243,49.3305630574756
660168144,49.3305532889681
660308530,49.3305431725912
660458256,49.3305342341442
660478164,49.3305332853494
660508197,49.3305319469236
660588163,49.3305286370151
660648155,49.3305269581508
660658152,49.33052672453
660668082,49.3305265055544
660678123,49.3305263001615
660708245,49.3305257655346
660748406,49.3305252538079
660768405,49.3305247402885
660778447,49.3305246743239
660848689,49.330524585591
660888292,49.3305248235033
660918286,49.3305251494116
661068263,49.3305288566267
661248225,49.3305370630947
661308468,49.3305405452192
661358705,49.3305437528183
661558274,49.3305594841179
661598278,49.330562910734
661668241,49.3305691675068
661708095,49.3305728765004
661738400,49.330575713673
661778569,49.3305792875569
661838713,49.3305851955989
661848722,49.3305861920252
661908285,49.3305922124413
661958245,49.330597286788
661968286,49.3305983465023
661978245,49.3305993655381
662038254,49.3306054876132
662058259,49.3306075269683
662108257,49.3306125976838
662178235,49.3306199016014
662238248,49.3306257791065
662258318,49.3306277071515
662308668,49.3306324818597
662348691,49.3306362390101
662378260,49.3306390045422
662538285,49.3306528481403
662558169,49.3306544811988
662578093,49.3306563450674
663158466,49.3307040325312
663188586,49.3307069004396
663318941,49.3307196375071
663388519,49.3307267337765
663548271,49.3307431046814
663578277,49.3307460315761
663588260,49.3307470543365
663618256,49.3307501140748
663708244,49.3307591962475
663738389,49.330762176247
663758461,49.3307642201588
663778942,49.3307661815707
663798942,49.3307681288673
663808943,49.3307690964669
663868321,49.330774775287
663938329,49.3307810947059
663978275,49.3307844987861
663998278,49.3307862148115
664058301,49.3307911598907
664118247,49.3307958039241
664178175,49.3307998828031
664198451,49.3308013021815
664258163,49.3308053303398
664278715,49.3308065617269
664308712,49.3308083253554
664348256,49.3308105676245
664378254,49.3308118118066
664388324,49.3308123303565
664418276,49.3308138264057
664438278,49.330814754967
664568255,49.3308192857809
664968157,49.3308209516791
664978115,49.3308207551844
664988247,49.3308205481956
664998199,49.3308203297914
665028154,49.3308196077771
665038183,49.3308193451282
665048154,49.3308190703486
665078158,49.3308181717267
665088321,49.3308178474085
665098426,49.3308175117719
665128475,49.3308164382333
665138594,49.3308160550101
665148532,49.33081565982
665178738,49.3308142755033
665188740,49.3308138439744
665198652,49.3308134037227
665218722,49.3308124945935
665238802,49.330811543336
665248771,49.3308110519656
665258885,49.3308105508737
665268861,49.3308100392972
665288933,49.3308089823071
665298727,49.3308084362296
665308389,49.3308078782762
665328476,49.3308067323766
665368434,49.3308043338697
665448195,49.3307987044266
665518209,49.3307936429287
665528138,49.3307928841041
665568108,49.3307895942858
665588398,49.3307879899645
665668794,49.3307812995419
665708525,49.3307777831927
665758902,49.3307732515002
665808288,49.3307685721856
665888288,49.3307608782641
665928285,49.3307569416725
666068102,49.3307427679809
666088349,49.3307407428934
666108239,49.3307387176934
666128333,49.3307366925124
666158429,49.3307335773607
666178511,49.3307315621777
666198763,49.3307295517222
666268227,49.3307225706563
666328285,49.3307167271363
666388347,49.3307109729878
666458487,49.3307045237011
666478486,49.3307027432909
666498501,49.3307009923988
666508264,49.330700127128
666568305,49.3306952203444
666658251,49.3306880625366
666678337,49.3306865518318
666698825,49.3306850757224
666738968,49.3306822324209
666888374,49.3306730635867
666918306,49.3306715191681
667068243,49.3306650047921
667098265,49.3306641452115
667118139,49.3306636401859
667138212,49.3306631817499
667158499,49.3306631224257
667178573,49.3306627545041
667288374,49.3306618200408
667318310,49.3306618661711
667338269,49.3306619570641
667388254,49.3306620460959
667428244,49.3306626568779
667468098,49.3306634972223
667488185,49.3306639893905
667508264,49.3306645275471
667518221,49.3306648131891
667568356,49.3306661552725
667638743,49.33066888551
667698772,49.3306717383462
667718857,49.3306727794813
667788478,49.3306764296797
667888098,49.3306829861901
667988120,49.3306907525459
668008103,49.330692354107
668148888,49.3307044761416
668188928,49.3307081981127
668208921,49.3307100927648
668328339,49.3307218947651
668348265,49.3307239149304
668388247,49.3307279637541
668488313,49.3307382605593
668518267,49.3307413593712
668708679,49.3307610535578
668748246,49.3307649992234
668758355,49.3307661968207
668928250,49.3307819053416
668998324,49.3307881694662
669058479,49.3307929064887
669108244,49.3307966062507
669148394,49.3307994501885
669168486,49.3308011777048
669178205,49.330801851737
669668723,49.3308209900218
669688749,49.3308211076865
669718265,49.3308211847806
669738310,49.3308211740223
669778239,49.3308214591021
669828339,49.3308209536783
669938286,49.3308185724129
669948209,49.3308182831325
669968134,49.3308179819112
669988212,49.3308173191652
670018255,49.3308162103266
670028113,49.330815811301
670068472,49.3308140954387
670088479,49.3308131669526
670098446,49.3308126838819
670148551,49.330810094483
670188685,49.3308080234066
670198174,49.3308074238743
670208136,49.3308068114351
670218254,49.3308061858601
670228221,49.3308055481688
670238135,49.330804898758
670268183,49.3308028904938
670278258,49.3308022020774
670288302,49.3308015033524
670348252,49.3307970917555
670358259,49.3307963194017
670378100,49.3307947441301
670388296,49.3307939894542
670398154,49.3307931792636
670408177,49.3307923599398
670418248,49.3307915322489
670428260,49.3307906962341
670448151,49.3307889991548
670488193,49.3307855112551
670568422,49.3307776541268
670608499,49.3307738044006
670728346,49.3307617639494
670768250,49.3307574343575
670808247,49.3307532547702
670828291,49.3307511549497
670988407,49.3307339946417
671078290,49.3307246989739
671098369,49.3307226628114
671118616,49.3307206428718
671138706,49.3307186454501
671208249,49.3307113378157
671288380,49.3307038246136
671298148,49.3307029162039
671348204,49.3306984646379
671408266,49.3306935101916
671458490,49.3306894588478
671478492,49.3306879000139
671498493,49.3306863867975
671608652,49.3306787888202
671638931,49.3306769102962
671658934,49.3306757226021
671668927,49.3306751474023
671678383,49.3306745846612
671788377,49.3306695400921
671798284,49.330669122614
671818309,49.3306683265122
671858249,49.3306669230113
671878264,49.3306663140224
671898279,49.3306657613058
671948269,49.330664619123
671988343,49.3306640546264
672008274,49.330663822244
672078357,49.33066350437
672098618,49.3306635282083
672118701,49.3306636099128
672138721,49.3306637505014
672168266,49.3306636622126
672308263,49.3306668396598
672338100,49.3306678507443
672438190,49.3306718230982
672528546,49.3306767583398
672558455,49.3306786332138
672688284,49.3306881133579
672748314,49.3306928603214
672788263,49.3306961687594
672868292,49.3307029402514
672948192,49.3307098752669
673018383,49.3307159770952
673088577,49.3307217765723
673148262,49.3307266011819
673188364,49.3307301403504
673348333,49.330742478536
673408207,49.3307468761962
673568667,49.3307580583135
673578722,49.3307587262292
673598935,49.330760053817
673619041,49.3307613747134
673658841,49.330763987014
673688591,49.3307659250769
673738332,49.3307691325813
673758260,49.3307704152966
673778263,49.3307712983765
673818327,49.3307738865068
673828285,49.3307745417481
673848312,49.3307758632485
673858279,49.3307765300481
673948228,49.330782754486
673998232,49.3307859242141
674018273,49.3307874265776
674058078,49.3307904963532
674078698,49.3307920695181
674218368,49.3308041894394
674278288,49.3308095394894
674298306,49.3308113615274
674348190,49.3308159905802
674418254,49.3308229484206
674438482,49.3308248853273
674478370,49.3308287988279
674498458,49.3308307761853
674518538,49.3308327666434
674678261,49.3308488505926
674698286,49.33085093109
674748351,49.3308561626348
674908114,49.3308733498268
674948282,49.3308776090496
674988562,49.3308819814066
674998455,49.3308830484098
675018544,49.3308851821943
675078713,49.3308915722535
675148283,49.3308990149001
675268224,49.3309114677956
675348169,49.3309198284203
675388391,49.3309238577643
675428362,49.3309279875542
675508485,49.3309361714816
675628368,49.3309482886187
675698366,49.3309551571322
675708325,49.3309561275531
675908280,49.3309749738059
675928289,49.3309767525537
675958409,49.3309794036202
675978491,49.330981045671
676158570,49.3309958464177
676528501,49.3310199234506
676768362,49.3310309673681
677068716,49.3310373077918
677178266,49.3310382265499
677188270,49.3310382772243
677218290,49.331038390095
677228317,49.3310384149664
677238268,49.3310384339883
677268270,49.3310384600072
677278093,49.3310384585447
677288131,49.331038451633
677298089,49.3310384389004
677308211,49.3310384209985
677318119,49.3310383979993
677328293,49.3310383692827
677338253,49.3310383346984
677348187,49.331038294582
677358260,49.3310382488993
677368219,49.3310381979279
677378305,49.3310380813555
677388237,49.331038018896
677398160,49.3310379510134
677408272,49.3310378779319
677418335,49.331037800213
677428463,49.331037718339
677438388,49.3310376318839
677548176,49.3310363141874
677628352,49.331035028147
677708118,49.3310332920176
677768368,49.3310316621663
677808146,49.3310305135916
677848120,49.3310292710945
677948415,49.3310257752108
677998618,49.3310238134739
678068794,49.3310208291285
678148313,49.3310169864336
678188289,49.3310150038746
678228400,49.3310129487869
678248264,49.3310118977166
678308292,49.3310086319467
678368329,49.3310051373884
678388275,49.3310039841324
678448302,49.331000463934
678548797,49.3309944535693
678728314,49.3309835050416
678798287,49.3309793178518
678838287,49.3309768637938
678968098,49.3309689032709
678998716,49.3309670744484
679018790,49.3309658576666
679038748,49.3309646446438
679218331,49.3309537342083
679238283,49.3309525292459
679298143,49.3309489250641
679318418,49.3309477252352
679428549,49.3309411563937
679438785,49.3309405595463
679458639,49.3309393685679
679488686,49.3309375837565
679518374,49.3309357965947
679588536,49.3309316453768
679668511,49.3309269177649
679698533,49.3309251473326
679798164,49.3309192856064
679908741,49.330912808463
680548431,49.3308751701094
680768301,49.3308623840698
680808278,49.3308601112546
680908548,49.3308544510217
680938472,49.3308527603666
680958737,49.3308516467633
681018851,49.3308482717816
681068272,49.3308454729759
681178296,49.3308392835373
681238294,49.3308359495291
681248333,49.3308353951269
681398396,49.3308271834949
681468738,49.330823301143
681548424,49.3308188394072
681628255,49.3308144156346
681668305,49.3308121737733
681698320,49.330810496028
681728505,49.3308088197316
681748375,49.3308076974487
681758532,49.3308071368043
681768524,49.3308064132583
681778524,49.3308058542045
681788525,49.3308052954263
681798526,49.3308047359932
681808130,49.3308041769579
681818183,49.3308036193597
681918707,49.3307980477911
682188227,49.3307827394615
682278431,49.3307776697539
682348780,49.3307737008993
682478833,49.3307662244246
682588451,49.330759823066
682598402,49.3307592427465
682608370,49.3307586621012
682668189,49.3307551637307
682748221,49.3307504748167
682808310,49.3307470254593
682848726,49.3307446735279
682949069,49.3307387860091
682989065,49.3307364065299
683088348,49.3307305303838
683108317,49.3307293596053
683168304,49.3307257727473
683198306,49.3307240271045
683268284,49.3307199730103
683528307,49.3307053287653
683618360,49.3307004371222
683818475,49.3306909136441
683838387,49.3306900452859
683988318,49.3306841127117
683998282,49.330683732636
684018325,49.330682980884
684168312,49.3306778362034
684188517,49.3306771737242
684208335,49.3306765202988
684218592,49.3306761970033
684348549,49.3306721863992
684398743,49.3306708362128
684418855,49.3306702726661
684438844,49.3306697193643
684448363,49.3306694459889
684488307,49.3306683718601
684588308,49.330665735494
684598305,49.3306654914111
684648307,49.3306643016218
684688317,49.3306633854317
684778182,49.3306613712367
684868543,49.3306595619108
684928470,49.3306584332204
685048249,49.3306564460785
685148272,49.3306548449666
685158289,49.3306547178197
685288226,49.330652808403
685348364,49.3306519772909
685368380,49.3306516817487
685408258,49.3306511536054
685448559,49.3306506395755
685528391,49.3306496500748
685548418,49.3306494112832
685608348,49.3306486280941
685648290,49.3306481807636
685708395,49.3306475363903
685748526,49.3306471232225
685818389,49.3306464430651
685948150,49.3306452776829
685998608,49.3306449560732
686028658,49.3306447210613
686038411,49.3306446442784
686098328,49.3306441995693
686168288,49.3306437934368
686228333,49.330643395203
686238312,49.330643330087
686298287,49.3306429473381
686318411,49.3306428218056
686388429,49.3306424634066
686408430,49.3306423456983
686438230,49.3306421700402
686498532,49.3306418313818
686518616,49.3306417215399
686598284,49.3306411817931
686648359,49.3306409285872
686698311,49.3306406814386
686718374,49.3306405855701
686738282,49.3306404913164
686758352,49.3306403984321
686848438,49.3306398133424
686858423,49.3306397683552
686958194,49.3306393360407
687128313,49.3306386416328
687148345,49.3306385658429
687158177,49.3306385282117
687178255,49.3306383169664
687268206,49.3306379852569
687348459,49.3306377048627
687408376,49.3306374704952
687468548,49.3306372756138
687528731,49.3306370884624
687578819,49.3306368294187
687648607,49.3306366070738
688528533,49.3306331788268
688588605,49.3306328371682
688638458,49.3306326104103
688648393,49.3306325644151
688668411,49.3306324720505
688708307,49.3306322852572
688748359,49.33063209406
688818422,49.3306317500382
688838328,49.3306316535096
688858422,49.3306315563226
688928309,49.3306312213475
688988380,49.3306309597509
689058384,49.3306306383932
689138777,49.3306302803223
689158431,49.3306301934885
689228314,49.3306299818373
689288138,49.3306297416503
689328407,49.3306295829812
689338468,49.3306295428588
689448235,49.3306290044085
689558461,49.3306285318193
689578531,49.3306284218466
689648732,49.3306281067764
689728426,49.3306277355022
689768553,49.3306275109629
689818586,49.3306272704683
689848191,49.3306271244207
689908237,49.3306268275199
689978158,49.3306264882015
690028252,49.3306262365861
690168291,49.330625517895
690208175,49.3306251959802
690228214,49.3306250910372
690248211,49.3306249866799
690308421,49.3306246687184
690368426,49.3306243489291
690448330,49.3306238091079
690508288,49.3306234941516
690568383,49.3306230928284
690668331,49.3306225478593
690728605,49.3306222146145
690748594,49.3306221019371
690798770,49.3306218183965
690988368,49.3306206367342
691048155,49.3306202822304
691098545,49.3306199847608
691128543,49.3306198046342
691188427,49.3306194122913
691198403,49.3306193516939
691238481,49.3306191057055
691368349,49.3306183049943
691448348,49.3306177368168
691458319,49.3306176735694
691488300,49.3306174837308
691538434,49.3306171706602
691628566,49.3306166313367
691668529,49.3306163958592
691688394,49.3306162789808
691718377,49.3306161059294
691738470,49.3306159917878
691808297,49.33061566965
691868402,49.3306153588328
691928295,49.3306150713716
691968439,49.3306147790388
691988191,49.3306146953792
692048330,49.3306144701318
692108566,49.330614286088
692128636,49.3306142342709
692208769,49.3306139520018
692348175,49.3306138746198
692528352,49.3306138999864
692548428,49.3306138988677
692608481,49.3306139629384
692948392,49.3306139132355
693008186,49.330613900036
693227600,49.3306139091745
693247653,49.3306139100127
693337365,49.3306139135885
693357380,49.3306139139832
693377361,49.3306139144946
693667222,49.3306138809938
693797376,49.3306137898044
693997226,49.330613783022
694018463,49.3306137830466
694068307,49.3306137836257
694148155,49.3306137842995
694238608,49.3306137838584
694268440,49.3306137841176
694348351,49.3306137864847
694368308,49.3306137869879
694408381,49.3306137825559
694418394,49.33061378243
694438416,49.3306137830179
694478411,49.3306137842497
694588361,49.3306137670891
694608281,49.33061376748
694628308,49.3306137688276
694668331,49.330613770482
694728574,49.3306137728856
694778185,49.3306137324551
694788738,49.3306137329829
694798266,49.3306137336634
694808241,49.3306137338869
694848229,49.3306137348639
694968141,49.3306136741201
695028265,49.3306136744832
695048162,49.3306136744989
695108315,49.3306136748473
695168444,49.3306136341863
695248460,49.3306136337343
695328419,49.3306136337476
695388533,49.3306135823135
695408242,49.3306135821502
695508327,49.3306135801205
695668737,49.3306136207123
695708516,49.3306136215133
695738851,49.3306136215407
695848661,49.3306135946027
695888263,49.3306135949173
695898761,49.3306135944021
695968352,49.3306135942809
695978378,49.3306136367202
696088436,49.3306136397648
696148321,49.3306136418965
696188473,49.3306135867849
696198627,49.3306135870054
696248324,49.3306135865577
696268177,49.3306135871709
696328342,49.3306135876795
696388450,49.3306136076469
696408349,49.3306136088735
696568355,49.3306136248021
696578219,49.3306136249777
696588398,49.3306136258061
696718644,49.3306136312712
696728661,49.3306136313878
696748245,49.3306136319378
696778427,49.3306135842189
696808188,49.330613584461
696828431,49.3306135850442
696858431,49.3306135850538
696938263,49.3306135868859
697088310,49.3306135928429
697128445,49.3306135937071
697188635,49.3306135651429
697228446,49.3306135662272
697268278,49.3306135659727
697328424,49.3306135674501
697348138,49.3306135679383
697368217,49.330613568015
697408179,49.3306134431986
697428168,49.3306134428189
697468110,49.3306134403362
697488309,49.3306134399043
697548467,49.3306134366549
697588476,49.3306134412871
697628686,49.3306134399024
697728327,49.3306134371095
697769016,49.3306134089615
697848642,49.3306134057261
697888594,49.3306134034217
697928589,49.330613400933
697988687,49.3306134136956
698008314,49.3306134124219
698017394,49.3306134120107
698067313,49.3306134102283
698107345,49.3306134082947
698207155,49.3306134172055
698267353,49.3306134153825
698347386,49.3306134126899
698407421,49.3306133610684
698467178,49.3306133572241
698517453,49.3306133552983
698587544,49.330613317388
698607612,49.3306133164903
698627626,49.3306133144888
698807579,49.3306132752314
698837579,49.330613271775
698857606,49.3306132707527
698907351,49.3306132668596
698937654,49.330613264362
699028400,49.3306132416134
699058393,49.3306132391159
699208323,49.3306132117611
699228357,49.3306132101744
699258417,49.3306132071111
699278345,49.330613205848
699358417,49.330613198734
699408280,49.3306131504748
699458309,49.3306131449284
699478374,49.3306131424675
700278349,49.330613149591
700328355,49.3306131463051
700408630,49.3306131273529
700468183,49.3306131237961
700619074,49.3306130525264
700668381,49.3306130481948
700728350,49.3306130437042
700788371,49.3306130489294
700818375,49.3306130465362
700838371,49.3306130451253
700988284,49.3306130839814
701058442,49.3306130799963
701198391,49.3306130357264
701208349,49.3306130360527
701228421,49.3306130347792
701258196,49.3306130321781
701278400,49.3306130312443
701288354,49.330613030112
701368418,49.3306130250275
701378393,49.3306130250169
701388368,49.330613034403
701398469,49.3306130337768
701438437,49.3306130318826
701458306,49.3306130307566
701478371,49.3306130295897
701608710,49.3306129562432
701648346,49.3306129530423
701678407,49.3306129508507
701738417,49.3306129458721
701768354,49.3306128786422
701828185,49.330612872673
701988417,49.3306128819493
702028429,49.3306128790426
702078660,49.330612875361
702168414,49.3306128953484
702228268,49.3306128924782
702248166,49.3306128919399
702308208,49.3306128883627
702368254,49.3306128846201
702388326,49.3306128552426
702448297,49.3306128522187
702508532,49.3306128486977
702528532,49.3306128483088
702538625,49.3306128477973
702588698,49.3306128634482
702628352,49.3306128627685
702748334,49.3306128578033
702768293,49.3306127492585
702788436,49.3306127473518
702828355,49.3306127443848
702848219,49.330612742783
702948216,49.3306127348709
703058497,49.3306127978028
703078791,49.330612796994
703188472,49.3306127686725
703238426,49.3306127668352
703278397,49.3306127659968
703318404,49.330612764265
703338481,49.3306127641495
703448440,49.3306126708809
703458549,49.3306126697134
703478632,49.3306126689096
703568359,49.3306126111711
703588247,49.3306126091605
703648295,49.3306126053389
703678342,49.3306126029268
703728400,49.3306125996078
703748572,49.3306125980989
703828658,49.3306125663783
703868339,49.3306125630537
703878711,49.3306125624733
703918661,49.3306125595893
704059050,49.3306125055054
704078972,49.3306125043693
704228200,49.3306124894413
704238316,49.3306124881096
704258337,49.330612486975
704308211,49.3306124842005
704408501,49.3306124459329
704418420,49.3306124452804
704458604,49.3306124429842
704638376,49.3306124254681
704908239,49.3306123975441
704988485,49.3306123465858
705008475,49.3306123454001
705028524,49.3306123451778
705328266,49.3306122774263
705348432,49.3306122762386
705408350,49.3306121951927
705468479,49.3306121918756
705478585,49.3306121913526
705528556,49.3306121889858
705558644,49.3306121399072
705668424,49.3306121343691
705728434,49.3306121315075
705958411,49.3306120488026
705978411,49.3306120279986
705998851,49.3306120276235
706038860,49.3306120251961
706228358,49.3306119427509
706258448,49.3306119409904
706448512,49.3306118358689
706478631,49.3306118334073
706498643,49.3306118308563
706608589,49.3306117376722
706668646,49.3306117307493
706808161,49.3306116612882
706868268,49.3306116542895
706938460,49.3306116455027
706978802,49.3306116198409
707008227,49.3306116167706
707048328,49.3306116123188
707268276,49.3306115545904
707348283,49.3306115458267
707388367,49.3306114373044
707408442,49.3306114346844
707448375,49.3306114293431
707468604,49.3306114271553
707488597,49.3306114241323
707548489,49.3306114154587
707568350,49.3306113373348
707608179,49.3306113314647
707628379,49.3306113286448
707688488,49.3306113197927
707708370,49.3306113169642
707748445,49.3306113110275
707768352,49.330611270545
707888344,49.3306112534187
707918441,49.3306112488335
707948466,49.3306112445358
708028254,49.3306111331219
708048261,49.3306111300829
708058341,49.3306111290708
708168302,49.3306110563549
708188322,49.3306110533166
708238325,49.3306110444435
708258402,49.3306110407698
708408651,49.3306109421998
708438771,49.3306109363347
708458831,49.330610933339
708478994,49.3306109302526
708489038,49.3306109280488
708499017,49.3306109260065
708568413,49.3306108666085
708628350,49.330610856888
708638501,49.3306108541346
708738258,49.3306108368807
708888386,49.330610819453
708918547,49.3306108152454
708948729,49.3306108103314
708968764,49.3306107210974
709018958,49.3306107126889
709038485,49.3306107096561
709168384,49.3306106351779
709188464,49.3306106317033
709238456,49.3306106240892
709248383,49.3306106213643
709258453,49.3306106201585
709368397,49.3306106020828
709408513,49.3306105438586
709418601,49.3306105421897
709458719,49.3306105361024
709488518,49.3306105305939
709548214,49.3306105216809
709588378,49.3306104964055
709628344,49.3306104905917
709688422,49.3306104822068
709708183,49.3306104785933
709768429,49.3306104421433
709808276,49.3306104370796
709868553,49.3306104299719
709988893,49.3306103532407
710028271,49.3306103479986
710248358,49.3306102076645
710268361,49.3306102049243
710358391,49.3306101913987
710448227,49.3306102087622
710488495,49.3306102046736
710588514,49.330610107094
710598454,49.3306101061978
710778231,49.3306099910271
710878432,49.330609978196
710898563,49.3306099760237
710958804,49.3306099682519
710978814,49.3306099055918
711098437,49.3306098902605
711118464,49.3306098875637
711168379,49.3306098268901
711178447,49.3306098250107
711228226,49.3306098191621
711288459,49.3306098112599
711308500,49.3306098083092
711378589,49.3306097987517
711398527,49.3306097387065
711418656,49.3306097355372
711488476,49.3306097264198
711668524,49.3306096915376
711778252,49.3306096891979
711798731,49.3306096877384
711808771,49.3306096869048
711818823,49.3306096867567
711908814,49.3306096793285
712008193,49.33060958804
712038235,49.3306095865497
712288368,49.3306095238582
712408831,49.3306095022295
712608230,49.3306094000143
712628252,49.3306093981934
712688524,49.3306093938778
712758461,49.3306093481311
712778288,49.3306093468261
712828438,49.3306093432884
712888318,49.330609339048
712968170,49.3306093377573
712978437,49.3306093368888
713048379,49.3306093343446
713098533,49.3306093313315
713168380,49.3306092786958
713188508,49.3306092785229
713308522,49.3306092726069
713378698,49.3306092231778
713448359,49.3306092199261
713468399,49.3306092190561
713568504,49.3306091239574
713578492,49.3306091233817
713588513,49.3306091217414
713598773,49.3306091210947
713608198,49.3306091204134
713688186,49.3306091151678
713788391,49.3306090483129
713838469,49.3306090445396
713859047,49.3306090432011
713879046,49.3306090420852
713919121,49.330609039346
714088187,49.3306090157407
714128242,49.3306090142765
714218595,49.330609082568
714238607,49.3306090825719
714288625,49.3306090821039
714308626,49.3306090825209
714368684,49.3306090814203
714418789,49.3306090695452
714468565,49.3306090700586
714688600,49.3306090632313
714708575,49.3306090632675
714768735,49.3306089725191
714808420,49.3306089716294
714828483,49.3306089711477
714848894,49.3306089708048
714888924,49.3306089702256
714968289,49.3306088749102
714988502,49.3306088736914
715088423,49.3306088696042
715488212,49.3306088364968
715668498,49.3306087384181
715768384,49.3306087910021
715778668,49.3306087910554
715798556,49.3306087906951
715868290,49.3306087903224
715968221,49.3306086588322
716028284,49.3306086546993
716058289,49.3306086527777
716108373,49.330608649703
716158504,49.3306085983247
716188363,49.3306085956171
716218555,49.3306085929037
716238618,49.3306085912066
716388228,49.3306086133601
716568312,49.3306084890837
716588506,49.3306084585646
716828587,49.3306079063137
716908241,49.3306076472775
716988295,49.3306071567023
717048376,49.330606899534
717068347,49.330606807599
717188260,49.3306063681751
717248536,49.3306060374273
717288519,49.3306058072084
717308355,49.3306056911251
717368327,49.3306053269899
717428246,49.3306050485789
717448246,49.3306049200926
717548246,49.3306042516411
717608330,49.3306038429575
717648575,49.3306035518414
717688248,49.3306032539517
717768213,49.3306026843794
717808251,49.330602367271
717828252,49.3306022068148
717898332,49.3306016335862
717958253,49.3306011315851
718048258,49.3306003611231
718088259,49.330600020548
718268537,49.3305984366021
718378298,49.3305973699103
718468263,49.3305965341969
718598458,49.3305952275656
718668267,49.3305945428685
718688267,49.330594344896
718708347,49.3305941460239
718788381,49.3305934214027
718808746,49.3305932200545
718818270,49.3305931190133
718888270,49.3305924033031
718908330,49.3305921971335
718948552,49.3305917838358
718968290,49.3305915451813
719008497,49.3305911272641
719038275,49.3305908122157
719088301,49.330590285589
719188467,49.3305893440488
719258552,49.3305885991443
719278593,49.3305883866278
719388460,49.330587254321
719428426,49.330586832659
719448508,49.3305866220136
719568373,49.3305852900138
719618474,49.330584776258
719668676,49.330584273988
719688790,49.3305840760409
719828597,49.3305827832553
719888285,49.3305822560924
719988289,49.3305815144324
720028509,49.3305812293511
720088311,49.3305808379408
720178438,49.3305804092654
720248656,49.3305800909567
720288314,49.3305799363714
720348297,49.330579746535
720358376,49.3305797176597
720448317,49.3305796278881
720488471,49.3305795936914
720558492,49.3305795987995
720628320,49.3305796215626
720668316,49.3305797023456
720688403,49.330579753473
720738683,49.3305799075814
720768322,49.3305799627742
720778320,49.3305800031286
720798349,49.3305800886361
720868329,49.3305804340152
721008388,49.3305812320257
721018464,49.330581298401
721188559,49.3305826923568
721238672,49.3305830562445
721308521,49.3305835573929
721368403,49.3305839777889
721428301,49.3305844357979
721508523,49.3305849577797
721588693,49.3305854088874
721628872,49.3305856395882
721768878,49.3305861813556
721788285,49.3305862695533
721848337,49.3305865163481
721888326,49.3305866644904
721968810,49.3305870338012
722008290,49.3305871492341
722107424,49.3305873979263
722187608,49.3305875906347
722287403,49.3305877707719
722307388,49.3305878025015
722367326,49.33058788887
722387347,49.330587922091
722407326,49.3305879468495
722447347,49.3305879926878
722507320,49.3305880522758
722627632,49.3305881289316
722657744,49.3305881427712
722787633,49.3305881479665
722837332,49.330588156942
722997334,49.3305881370582
723018407,49.3305881401944
723038339,49.3305881433616
723108376,49.3305881551209
723798407,49.3305883044864
723828385,49.3305883087944
723858386,49.3305883131503
724018582,49.330588356758
724038642,49.3305883593084
724058565,49.3305883624298
724328583,49.3305883717194
724508517,49.3305884240924
724578878,49.3305884389108
724708382,49.3305884543354
724728407,49.3305884567798
724788383,49.3305883518128
724808390,49.3305883524357
724868365,49.3305883544707
725118581,49.3305883756143
725178940,49.3305884638839
725288442,49.3305884715253
725308445,49.330588473164
725318441,49.3305884740273
725378484,49.330588477653
725398489,49.3305884651417
725498441,49.3305884705782
725518440,49.3305884717646
725578455,49.3305884530169
725598550,49.3305884531585
725648930,49.3305884545865
725778480,49.3305885062948
725798445,49.3305885076107
725818441,49.3305885083924
725838433,49.3305885095215
725988427,49.3305885317929
726018428,49.3305885336258
726038446,49.3305885342021
726058417,49.3305885357737
726108263,49.3305885381503
726188441,49.3305885653795
726208436,49.3305885661111
726248438,49.3305885680271
726258444,49.3305885687846
726278480,49.3305885696657
726398293,49.3305885889386
726418373,49.3305885902921
726438482,49.3305885911572
726508439,49.3305885955823
726608791,49.3305886344547
726628821,49.330588635609
726748364,49.3305886439537
726808438,49.3305886552194
726828434,49.3305886568242
726868462,49.3305886596711
726908493,49.3305886625503
727087666,49.3305886811538
727287416,49.3305887404839
727387463,49.3305887490415
727407416,49.3305887508765
727437424,49.3305887534681
727457312,49.3305887558019
727557696,49.3305887641162
727607750,49.3305887374512
727617755,49.3305887385953
727687398,49.3305887435579
727707600,49.3305887454066
727727694,49.3305887470826
727787507,49.3305887365331
727817641,49.330588738987
727847685,49.3305887406238
727857624,49.3305887417138
727927415,49.3305887467057
728007325,49.3305887313093
728018366,49.3305887321532
728038462,49.330588733468
728058530,49.3305887353349
728079024,49.3305887362756
728188393,49.3305887764156
728228418,49.3305887792516
728248432,49.3305887802658
728258417,49.3305887816743
728408446,49.330588771359
728418421,49.3305887718979
728448395,49.3305887738696
728458392,49.3305887749351
728658429,49.3305888128301
728718396,49.3305888180924
728808307,49.3305887779129
729028684,49.3305888077356
729068817,49.3305888112698
729208375,49.3305888012259
729268454,49.330588805507
729328338,49.330588810457
729348290,49.3305888119476
729388422,49.3305888151128
729448670,49.3305887053474
729468752,49.3305887063466
729529021,49.3305887091478
729588828,49.3305886127826
729708676,49.3305886123552
729788730,49.3305886338681
729998569,49.3305887385106
730029222,49.3305887395267
730198455,49.3305887217188
730218409,49.3305887226569
730418395,49.3305886705473
730438467,49.3305886713798
730458533,49.3305886725458
730628379,49.330588735563
730658391,49.3305887404548
730708449,49.3305887593657
730728689,49.3305887723955
730748640,49.330588787341
730768535,49.3305887102453
730888412,49.3305888794919
730898700,49.3305888989036
730978410,49.3305892128729
731108436,49.3305896696462
731118401,49.3305897133142
731388350,49.330591270655
731398394,49.3305915372448
731468659,49.3305921884556
731508649,49.3305926019759
731848278,49.3305976021844
732008689,49.330600646413
732047885,49.3306015200669
732107483,49.3306029053559
732117446,49.3306031441713
732187475,49.3306047915257
732247445,49.33060635902
732267556,49.3306069023739
732327484,49.3306085929086
732387386,49.3306101880667
732427538,49.3306114007907
732437579,49.3306117100178
732507690,49.3306139300313
732617564,49.3306176939253
732647414,49.3306187434131
732687463,49.330620176334
732867784,49.3306270272376
732877459,49.3306274252378
732897738,49.3306282264374
732977562,49.3306315047561
733098436,49.3306366113779
733258412,49.3306436421696
733278445,49.3306445595366
733298479,49.3306454814857
733518847,49.330655773967
733578435,49.3306586735074
733668513,49.3306627341779
733708412,49.3306644783419
733718407,49.3306649053492
733888521,49.330671380889
733928575,49.3306726182099
734008780,49.3306749332112
734088350,49.3306765659627
734108441,49.3306769058405
734128240,49.3306772164334
734228301,49.3306780633043
734288426,49.3306782091762
734358418,49.3306778527839
734388543,49.3306777635289
734468782,49.3306764249082
734528421,49.3306749357913
734588472,49.330672879779
734668558,49.3306697043631
734918673,49.3306555202989
735088436,49.330642786594
735098547,49.3306419653002
735118416,49.3306403059896
735138452,49.3306386206915
735188505,49.3306343024543
735328405,49.3306215180122
735448295,49.3306101818938
735458847,49.3306092157814
735578434,49.3305975585121
735638476,49.3305917080905
735948885,49.3305628504722
736008414,49.330557557567
736078435,49.3305519256803
736268232,49.3305389401731
736348567,49.330534539856
736408772,49.3305319495334
736598492,49.3305261025455
736608299,49.3305259214722
736738398,49.330524810521
736748443,49.3305248203568
736758285,49.3305248441541
736768326,49.3305248829537
736878588,49.3305262219786
736898671,49.3305266139328
736908657,49.3305268286035
736918808,49.3305270565496
736928849,49.3305272983264
736938836,49.3305275539129
736968872,49.3305284045424
737048504,49.3305315795152
737248468,49.3305420620135
737308523,49.3305460666532
737368434,49.330550422508
737508519,49.3305614810533
737688257,49.3305782189183
737908856,49.3306000781587
737919099,49.3306010868338
737988987,49.3306081036112
738107551,49.3306201251392
738377577,49.3306453016667
738507446,49.3306557409438
738527445,49.3306572142132
738587421,49.3306613082609
738627446,49.3306638923721
738687501,49.3306674237917
738707405,49.3306685011261
738747523,49.330670507725
738938091,49.3306774005992
739047374,49.330679061805
739067876,49.3306792141175
739147426,49.3306792602146
739207306,49.3306785191795
739227264,49.3306782357209
739287509,49.3306770646919
739307592,49.3306765706566
739388094,49.3306740676524
739527450,49.3306677799425
739627451,49.3306621016658
739687432,49.3306580147648
739707453,49.3306565784305
739947521,49.3306370769775
740018429,49.3306306739585
740038520,49.3306287572886
740058450,49.3306268245687
740078480,49.3306248748219
740108427,49.3306219162533
740128426,49.3306199236586
740228449,49.3306099437443
740428437,49.330589627625
740478481,49.3305846804024
740608440,49.3305724031819
740648446,49.3305687778019
740848813,49.3305523793695
740888425,49.3305494737161
741108718,49.3305363907702
741118450,49.3305359151079
741368770,49.3305283144877
741478275,49.3305273552275
741488309,49.3305273721512
741508393,49.3305274506416
741528282,49.3305275894384
741568450,49.3305280456244
741598456,49.3305285034834
741608465,49.3305286800749
741618293,49.3305288686563
741628329,49.3305290697442
741688285,49.3305305712897
741708365,49.3305311884975
741768610,49.330533445477
741848862,49.3305370556047
741988450,49.3305456147822
742307791,49.3305716536158
742327690,49.3305735292216
742407533,49.3305810604321
742487442,49.3305890038286
742547464,49.3305950624367
742557703,49.3305960770863
742587441,49.330599121514
742627497,49.3306031993196
742707446,49.3306113473876
742727504,49.3306133732494
742837903,49.3306245594364
742947443,49.3306351707314
743027436,49.3306425329746
743037434,49.3306434247949
743237373,49.3306600795905
743327894,49.3306663751475
743347917,49.330667697365
743387460,49.3306703372984
743637472,49.3306881564084
743727695,49.3306957356747
743767812,49.3306994197549
743838093,49.3307057430828
743868037,49.3307085200089
743887509,49.3307103894539
743927678,49.3307141697949
743947754,49.3307160814297
744007225,49.3307217612507
744067288,49.3307276912733
744107262,49.3307316896306
744127341,49.3307337001434
744147426,49.3307357150806
744207562,49.3307418530758
744267950,49.3307479168148
744367533,49.33075792554
744427533,49.3307636936456
744447442,49.3307656452584
744467469,49.3307675849663
744507462,49.3307714171117
744567467,49.330777022025
744647446,49.3307841436519
744727451,49.3307908983252
744747537,49.33079250292
744867484,49.3308013119468
744947442,49.3308065523513
744987502,49.3308085604504
745017467,49.3308102259948
745277897,49.3308200889332
745397461,49.3308215241227
745407490,49.3308215886563
745417587,49.3308216405532
745427460,49.3308216801988
745467458,49.3308217060654
745477457,49.3308216725455
745487530,49.3308216215117
745497459,49.3308215555636
745507460,49.3308214758762
745517478,49.3308213827765
745527459,49.3308212764967
745537477,49.3308211549465
745547436,49.3308210185011
745557444,49.3308208682712
745567502,49.3308202594884
745577459,49.3308200814034
745587607,49.3308198922462
745627341,49.3308190097676
745667684,49.3308179111866
745747619,49.3308150181703
745827463,49.330810968412
745947390,49.3308039613613
745987440,49.3308008088874
745997473,49.3308001076862
746047709,49.3307964530073
746427524,49.3307621896427
746677682,49.3307363489367
746687714,49.3307353066108
746707726,49.3307332228231
746837289,49.3307196011296
746867332,49.3307165810142
747028518,49.3307009663223
747068668,49.3306973989546
747118772,49.3306930942657
747468482,49.3306685460039
747508443,49.3306666719421
747548442,49.3306649993384
747718296,49.3306600445538
747728688,49.3306598947509
747738907,49.3306597622139
747748931,49.330659648135
747758984,49.3306595529309
747768983,49.3306592212978
747868469,49.3306592221004
747938441,49.3306600361518
748058549,49.3306631785378
748228372,49.3306711282431
748238890,49.3306716915305
748308467,49.3306759511765
748328536,49.3306772699931
748468463,49.3306880375947
748548452,49.3306948177329
748638711,49.330703005242
748658913,49.330704905289
748748910,49.3307137322334
748788482,49.3307178369613
748828449,49.3307219449181
748908583,49.3307302942762
748968665,49.3307368898157
749068592,49.33074742315
749268496,49.3307680564256
749308449,49.3307719415021
749368578,49.3307775555583
749428454,49.3307831639169
749468504,49.3307866453928
749488516,49.3307883359558
749508475,49.3307899817654
749688338,49.3308029008021
749748948,49.3308063911941
749828545,49.330810157886
749838477,49.3308106187023
749868456,49.3308119068381
749878449,49.3308123043211
749888453,49.3308126872751
749918474,49.3308137516766
750128508,49.3308174445214
750198968,49.3308169272803
750208915,49.3308168613504
750218909,49.3308167822703
750229071,49.3308166909202
750238977,49.3308165872984
750248527,49.3308164712418
750258582,49.3308163410222
750268584,49.3308161958253
750278526,49.3308160340351
750288505,49.3308158540231
750298504,49.3308156555828
750308500,49.3308154397079
750318506,49.3308152070566
750328559,49.330814959222
750338540,49.3308146978695
750348528,49.3308144239002
750358585,49.3308141371778
750368599,49.330813836215
750378506,49.3308135214183
750388563,49.3308129148155
750398516,49.3308125709196
750468528,49.3308098056514
750488526,49.3308088951037
750518504,49.3308074101229
750618519,49.3308013235403
750788565,49.3307884827601
750818505,49.3307859137705
750888524,49.3307795685589
750948501,49.3307737841833
750968386,49.3307720772017
751148711,49.3307530238853
751228436,49.3307440343096
751288291,49.3307372550315
751308374,49.3307349917821
751348369,49.3307304733346
751368453,49.3307282239435
751428509,49.3307216134125
751448380,49.3307194065845
751508366,49.3307128887059
751528403,49.3307107646176
751568560,49.3307064518567
751628720,49.3307003669155
751708569,49.330692693492
751728507,49.3306908674431
751748461,49.3306890751394
751828562,49.3306824380374
751868525,49.3306792488328
751928567,49.330674784185
751948459,49.3306733825955
751968556,49.3306723091427
752028437,49.3306684621722
752088682,49.3306649695354
752158901,49.3306617786398
752548331,49.3306536019527
752578443,49.3306539633046
752618601,49.330654459663
752638700,49.3306548000486
752708484,49.3306564648186
752768454,49.3306587650945
752828474,49.3306612052067
752868475,49.3306631049052
752968476,49.3306687836249
753028312,49.3306727596693
753068467,49.3306756061553
753268478,49.330690605791
753378401,49.3306984378687
753418406,49.3307012484697
753428447,49.330701937263
753438327,49.3307026236771
753448371,49.3307033072654
753468453,49.3307046653326
753478497,49.3307053396966
753568692,49.3307112668132
753648346,49.3307164140216
753688399,49.3307188874284
753788507,49.3307249268201
753818462,49.3307266894532
753848395,49.3307284302038
753918387,49.3307324412441
753938405,49.330733572625
753968589,49.3307356108174
753978632,49.3307361738221
753988673,49.3307367334654
754048843,49.3307400694247
754148894,49.3307456231529
754168464,49.3307467680514
754308692,49.3307548799801
754328695,49.3307560810746
754368717,49.3307585125507
754388798,49.330759892752
754428506,49.3307623955454
754478468,49.3307656000808
754488521,49.3307662523365
754498317,49.3307669087345
754568579,49.3307717550853
754619152,49.3307752641413
754629128,49.3307759809589
754668468,49.3307788971984
754708488,49.3307819011127
754728487,49.3307834359367
754768466,49.3307868560967
754828488,49.330791692022
754838489,49.330792514702
754858522,49.3307941757028
754968417,49.3308037701263
755048891,49.3308108851863
755068732,49.3308126955211
755108458,49.3308163471493
755168404,49.3308219168498
755428796,49.3308469736728
755468498,49.3308508679415
755548569,49.3308586832021
755629135,49.3308667358385
755668495,49.330870660279
755678497,49.3308716413815
755848495,49.3308884592491
755868495,49.3308904088869
755908501,49.3308943037537
755948471,49.3308981882075
756028766,49.3309060319744
756128412,49.3309155793118
756228432,49.3309251423858
756268432,49.3309288777062
756308359,49.3309325917719
756328372,49.3309344394829
756448473,49.3309455929589
756468539,49.3309473872449
756548729,49.3309544816607
756628499,49.3309616587874
756728566,49.3309700411467
756788605,49.3309751035847
756848493,49.3309798548402
756868495,49.330981391593
756888600,49.330982912343
756928431,49.3309859191907
757048755,49.3309946836671
757088366,49.3309974034912
757148431,49.331001349323
757228529,49.3310061932623
757268696,49.3310085238201
757308718,49.3310107927333
757528634,49.3310215213724
757579155,49.3310237012327
757589262,49.331024047072
757618534,49.3310250467098
757878495,49.331030941391
757898485,49.331031204874
757918541,49.3310314432693
757948345,49.33103173972
757978457,49.331031997489
758028326,49.3310322754173
758089044,49.331032387481
758128510,49.3310323218929
758138510,49.3310322904771
758188597,49.3310322148427
758198505,49.3310321494844
758208469,49.3310320776647
758218513,49.3310320000878
758228503,49.3310319174923
758238493,49.3310318302213
758248492,49.3310317381273
758258487,49.3310316398394
758268492,49.3310315350673
758278492,49.3310314242735
758288603,49.3310313076038
758298503,49.3310311854567
758308495,49.3310310579932
758318508,49.3310309244872
758328327,49.3310307847233
758338422,49.3310306394469
758348406,49.3310304891942
758358482,49.3310303339224
758768400,49.3310197968921
758828449,49.3310175209092
758868314,49.3310159125422
758908480,49.3310142329267
758948642,49.3310124920416
759048984,49.3310079282773
759088509,49.3310059913406
759128523,49.3310040102103
759188519,49.3310009428998
759248493,49.3309977688239
759288562,49.3309956067896
759308491,49.3309945105152
759388564,49.3309899382047
759448452,49.3309865322089
759678490,49.3309731902096
759698471,49.3309720248204
759718572,49.3309708604211
759968581,49.3309562470978
760068490,49.3309504371562
760288417,49.3309377584422
760428707,49.3309298457158
760488388,49.3309264816068
760509158,49.3309253676294
760529184,49.3309242532332
760559301,49.3309226491348
760668518,49.3309165710521
760688549,49.3309154716561
760748652,49.3309121864558
760888613,49.3309045414741
760918756,49.3309028785868
760968784,49.3309002575742
761028421,49.3308968564931
761128379,49.330891113313
761168337,49.3308885716095
761188472,49.3308874047946
761288519,49.3308815620876
761348465,49.3308780639981
761388623,49.3308757676458
761468933,49.3308711643543
761508954,49.3308688883925
761618514,49.3308627011213
761708492,49.3308576888522
761748587,49.3308554764227
761928586,49.3308458189751
762068504,49.3308381827231
762128483,49.3308350079983
762148543,49.3308339528757
762168537,49.3308328936602
762178552,49.3308323697068
762228372,49.3308297556285
762288656,49.330826634688
762328507,49.3308245603014
762428857,49.3308194478895
762438322,49.330818932441
762529063,49.3308143153637
762578485,49.3308117047155
762628505,49.3308091708214
762708507,49.3308051280018
762728505,49.3308041285862
762768512,49.3308021016561
762798507,49.3308006097269
762868410,49.3307971437817
762878455,49.3307966519427
762908591,49.3307951761728
762968954,49.3307922356327
762998976,49.3307907807023
763087501,49.3307864378428
763097500,49.3307859566751
763127533,49.3307845167978
763187437,49.3307818542308
763197476,49.3307813776448
763217553,49.3307804254066
763267610,49.3307780520064
763307763,49.330776166653
763327843,49.3307752258236
763347909,49.3307742871434
763387999,49.3307722742282
763467944,49.3307685505232
763518103,49.3307662479198
763527643,49.3307657889085
763567385,49.3307638769629
763587466,49.330762964032
763727476,49.3307566623474
763787409,49.3307538749595
763867664,49.3307503503477
763948236,49.3307468590141
764068524,49.3307417636288
764088464,49.3307409082339
764388622,49.3307282699601
764508516,49.330723346097
764528550,49.3307225314787
764968500,49.3307053405943
765038494,49.330702649797
765068499,49.3307015198704
765168340,49.3306976829708
765188562,49.3306969426959
765248444,49.3306947350122
765308593,49.330692547414
765368839,49.3306903782287
765388355,49.3306896618864
765449233,49.3306875659705
765488722,49.330686145707
765908885,49.3306719334813
765968523,49.3306701217566
766088464,49.3306661991071
766128460,49.3306649123982
766168417,49.3306635750176
766178458,49.3306632556322
766228373,49.3306616666239
766268516,49.330660407005
766308681,49.3306591589059
766328674,49.3306585397461
766368786,49.3306573119451
766488497,49.3306539224773
766508520,49.3306533387894
766548563,49.3306521853937
766608518,49.3306504187691
766688553,49.3306482323935
766768592,49.3306461456835
766808479,49.3306451204109
766868385,49.3306436675991
766878965,49.3306434317076
766908945,49.3306427353225
767088516,49.3306387597554
767188549,49.330636811147
767478536,49.3306324211577
767568474,49.330631308325
767808556,49.33062880138
767898940,49.3306279012586
768008517,49.3306269097857
768088441,49.3306261602278
768128442,49.3306257936347
768188551,49.3306253581271
768268775,49.3306246601526
768288845,49.3306244874542
768508751,49.3306226122411
768668413,49.3306212660887
768708462,49.3306209630336
768728771,49.3306208118827
768748851,49.3306206626761
768768936,49.3306206438042
768809005,49.3306203528002
768948547,49.3306193700853
768968499,49.3306190673727
769008595,49.330618777966
769068529,49.3306183311983
769088523,49.330618179019
769128552,49.3306178696761
769268489,49.3306167077603
769368960,49.3306158518702
769468521,49.3306150340401
769658523,49.3306134324618
769678634,49.3306132740939
769758678,49.3306126523344
769788619,49.3306124210733
770288797,49.3306080168834
770328847,49.3306076088034
770578882,49.3306049555579
770668479,49.3306039898789
770888387,49.3306016581371
771008510,49.3306002111753
771028407,49.3305999822952
771108438,49.3305990537456
771128432,49.3305988177467
771148514,49.3305985825266
771208626,49.3305979919541
771288816,49.3305970298075
771309008,49.3305967864244
771339000,49.3305964183977
771368505,49.3305960481107
771428575,49.3305950649794
771488386,49.3305942966908
771568681,49.3305932854727
771608535,49.3305927676234
771809208,49.3305899204542
771888517,49.3305888430921
772008551,49.3305871780269
772118529,49.3305856524178
772208474,49.3305843240116
772478745,49.3305809034289
772628526,49.3305794101636
772698695,49.3305789063217
772718567,49.3305787814412
772728617,49.3305787226153
772809095,49.3305781575047
772918568,49.3305778392483
773348637,49.3305777563958
773628507,49.3305775968947
773708971,49.3305775787472
773888559,49.3305775241467
773918589,49.3305775168926
773928547,49.330577514838
774028534,49.3305774911579
774108556,49.3305774732313
774128515,49.3305774684705
774138623,49.3305774653311
774228362,49.3305774595131
774258980,49.3305774533211
774298516,49.3305774442784
774428538,49.3305775191661
774498511,49.3305775058424
774588513,49.330577512527
774618519,49.3305775080588
774868541,49.3305773797365
774928534,49.3305773690643
774968573,49.3305773290572
774998585,49.3305773217068
775028516,49.3305773137202
775038569,49.3305773108244
775088533,49.3305772982886
775098536,49.3305772963839
775128617,49.3305772893207
775198781,49.3305772846825
775228865,49.3305772775705
775248764,49.3305772737803
775268773,49.330577269304
775288534,49.3305772654103
775508534,49.3305774432257
775608397,49.3305774255507
775678538,49.3305774157279
775688517,49.3305774149119
775888509,49.3305773845929
775898513,49.3305773838931
775908508,49.330577382696
775918507,49.330577380798
775928512,49.3305773799691
775938640,49.330577378735
775948604,49.3305773780017
775958517,49.3305773767258
775968645,49.3305773646701
775978599,49.3305773633215
775988535,49.3305773620369
775998504,49.3305773611724
776008632,49.3305773593056
776018581,49.3305773590435
776048617,49.3305773552346
776118648,49.3305773475914
776128651,49.3305773470483
776138718,49.3305773462864
776148688,49.3305773449022
776158584,49.3305773438486
776188440,49.3305772892459
776198458,49.3305772873554
776208508,49.3305772856085
776248594,49.330577281056
776288489,49.3305772758751
776348747,49.3305772678795
776358602,49.330577266566
776388604,49.3305772442591
776428601,49.3305772390297
776498605,49.3305772297116
776518600,49.3305772272168
776548481,49.3305772227889
776558527,49.3305772221269
776588580,49.3305773514538
776628633,49.3305773494682
776688766,49.3305773463349
776748924,49.3305773425301
776758866,49.3305773421585
776798962,49.3305773090541
776828549,49.3305773075003
776849087,49.3305773062648
776908604,49.3305773028681
776988579,49.3305772574959
777008582,49.3305772560796
777018604,49.3305772553377
777058578,49.3305772524373
777088579,49.3305772506612
777128422,49.3305772479681
777208746,49.330577368531
777228663,49.3305773691161
777268692,49.3305773696868
777288593,49.3305773703108
777308422,49.3305773707378
777338530,49.33057737049
777348756,49.3305773706652
777368651,49.3305773700974
777378813,49.3305773702521
777398581,49.3305772892593
777448565,49.3305772878134
777468622,49.3305772875987
777508576,49.3305772860902
777528600,49.3305772857026
777568646,49.3305772464161
777608596,49.3305772457395
777648475,49.3305772448045
777698764,49.3305772438279
777738853,49.3305772421303
777748575,49.3305772415751
777848673,49.3305772503801
777948582,49.3305772495605
777988576,49.3305771839648
777998671,49.3305771837878
778048569,49.3305771821811
778078552,49.3305771821657
778098549,49.3305771818551
778168586,49.3305771482077
778188714,49.3305771479383
778208812,49.3305771475941
778248572,49.3305771461945
778268687,49.3305771452366
778278550,49.3305771444433
778288548,49.3305771444202
778328578,49.3305771433004
778388536,49.3305769196428
778428744,49.3305769147993
778448592,49.3305769125663
778468678,49.3305769103227
778488412,49.3305769073391
778498417,49.3305769064824
778538470,49.3305769019591
778558510,49.3305768996691
778608663,49.3305768643862
778628741,49.3305768620846
778668794,49.3305768564526
778688959,49.3305768537974
778698960,49.3305768524975
778708964,49.3305768507819
778728939,49.3305768476932
778738992,49.3305768467985
778778838,49.3305768358919
778798540,49.3305768330603
778808549,49.3305768323346
778818547,49.33057683121
778838883,49.3305768301692
778858552,49.3305768277565
778888656,49.3305768249552
778898424,49.330576823736
778949011,49.3305768172356
778968592,49.3305768653064
778988638,49.330576863495
779008572,49.3305768627089
779028594,49.3305768609282
779068680,49.3305768580608
779088417,49.3305768565301
779108509,49.3305768551478
779148832,49.3305768515266
779158717,49.330576850556
779168774,49.3305768059975
779228568,49.3305768004212
779268611,49.3305767976685
779368667,49.3305767887236
779388662,49.3305768550252
779408677,49.3305768553803
779418404,49.3305768543273
779448750,49.3305768535647
779468697,49.330576852628
779568588,49.3305768759922
779588653,49.3305768767113
779608710,49.3305768759295
779628748,49.3305768757992
779648940,49.3305768755289
779658932,49.3305768755719
779698935,49.3305768754748
779708938,49.3305768757545
779728792,49.3305768763117
779798547,49.3305767949933
779808512,49.3305767950134
779818548,49.3305767950232
779868455,49.3305767938023
779898652,49.3305767931669
779958635,49.3305767908428
779968688,49.330576692853
779988716,49.3305766916327
780028531,49.3305766895403
780048539,49.3305766889433
780068589,49.3305766876856
780088633,49.3305766866809
780118714,49.3305766859749
780128717,49.3305766850941
780148746,49.3305766838964
780158617,49.3305766828834
780168671,49.3305767228293
780208626,49.3305767219713
780288546,49.3305767199997
780388633,49.3305768634819
780428552,49.330576867118
780528519,49.3305768748577
780558397,49.3305768765841
780568414,49.3305767647581
780588620,49.3305767650538
780598681,49.3305767653718
780738741,49.3305767714588
780748574,49.3305767716242
780758580,49.3305767726247
780768506,49.3305767723073
780808531,49.3305767522456
780868631,49.33057675715
780928552,49.3305767602165
780958619,49.3305767615432
780968586,49.3305767156821
780998601,49.330576717978
781028687,49.3305767199147
781048767,49.3305767216364
781088679,49.3305767242312
781208760,49.3305765763088
781228580,49.3305765764253
781268607,49.330576577827
781288608,49.3305765784602
781348690,49.3305765796703
781398476,49.3305765245543
781408742,49.3305765242639
781468539,49.3305765248172
781508674,49.3305765255921
781588855,49.330576428508
781628986,49.3305764281103
781648855,49.3305764284107
781688464,49.3305764275821
781698910,49.3305764274984
781708551,49.3305764279528
781728904,49.3305764273671
781739107,49.3305764272781
781788412,49.3305764316383
781858579,49.3305764351043
781868606,49.3305764349691
781928606,49.330576436222
781948695,49.3305764367732
781968617,49.3305763534381
782008463,49.3305763547058
782028553,49.3305763553974
782048779,49.3305763563647
782088581,49.3305763570572
782138756,49.3305763579552
782148631,49.3305763579945
782158588,49.3305763585311
782168643,49.3305762814213
782228466,49.330576282915
782238716,49.3305762830188
782278693,49.3305762842569
782288466,49.330576284344
782388610,49.3305762856383
782408677,49.3305762782519
782468715,49.3305762803474
782528667,49.330576283661
782568796,49.3305760978171
782598839,49.3305760965065
782628583,49.3305760954152
782668642,49.330576095949
782688601,49.3305760959225
782698605,49.3305760962188
782708605,49.3305760963587
782728606,49.330576096628
782758475,49.3305760952531
782788613,49.3305761217081
782808773,49.3305761218979
782828603,49.3305761224864
782868625,49.3305761222455
782908606,49.3305761235114
782948618,49.3305761251236
782988606,49.3305761379975
783088634,49.3305761439078
783098658,49.3305761444617
783108657,49.3305761444438
783128553,49.3305761455704
783148561,49.3305761469984
783168643,49.3305761294566
783178580,49.3305761304608
783228572,49.3305761347732
783248587,49.3305761368694
783258426,49.3305761376519
783288381,49.330576140011
783298424,49.3305761406719
783308713,49.3305761415322
783348656,49.3305761431362
783368679,49.330576143741
783388548,49.3305761449795
783408550,49.3305760045225
783448603,49.330576007638
783468577,49.3305760092011
783488435,49.3305760108777
783498632,49.3305760115362
783508686,49.3305760121189
783528654,49.3305760130218
783538810,49.330576013426
783548693,49.3305760138705
783588405,49.3305759649412
783608498,49.3305759656374
783628653,49.3305759668089
783638740,49.3305759677832
783688576,49.3305759713846
783708607,49.3305759728204
783768691,49.3305759097985
784568556,49.3305757834931
784648444,49.3305756811681
784658394,49.3305756815189
784848527,49.3305755419117
784858532,49.3305755425255
784868538,49.3305755423671
784888769,49.3305755428872
784968995,49.3305754607227
785018993,49.3305754626913
785049024,49.3305754637399
785058793,49.3305754637195
785068788,49.3305754648922
785078831,49.3305754641939
785088564,49.3305754652887
785098565,49.3305754653074
785108900,49.3305754648912
785118583,49.3305754654437
785128548,49.3305754657523
785138609,49.3305754652894
785148594,49.3305754657989
785158421,49.3305754661159
785168470,49.3305752341082
785178515,49.3305752325607
785188953,49.3305752316885
785198580,49.3305752315103
785208627,49.3305752313787
785218981,49.3305752306378
785228546,49.330575229818
785238995,49.3305752287665
785248576,49.3305752287839
785258546,49.3305752290046
785268564,49.3305752278662
785278564,49.3305752279779
785288564,49.3305752269165
785348678,49.3305752240372
785358565,49.3305752230775
785368559,49.3305752226852
785398572,49.3305750965682
785448674,49.3305750928197
785458404,49.3305750919578
785488731,49.3305750899076
785508835,49.3305750883538
785538777,49.3305750859589
785558606,49.3305750839408
785598610,49.3305751085102
785778647,49.3305749081685
786038646,49.3305747251886
786168666,49.33057470711
786188674,49.330574867578
786198434,49.3305748672202
786228646,49.33057486626
786238667,49.3305748657116
786278642,49.3305748650564
786288594,49.3305748643848
786298582,49.330574864231
786308565,49.3305748638553
786318546,49.33057486349
786338546,49.3305748623109
786348602,49.3305748620486
786368567,49.3305748617881
786378614,49.3305748621584
786418666,49.3305748031955
786428628,49.3305748029246
786438380,49.3305748027352
786468398,49.3305748016679
786478693,49.3305748012872
786488460,49.3305748010076
786498476,49.3305748012772
786508520,49.3305748003352
786518565,49.3305748008523
786528571,49.3305747994769
786538577,49.3305747992875
786548583,49.3305747994104
786558618,49.3305747990207
786568628,49.3305747984462
786578629,49.3305747718477
786588828,49.3305747720914
786598850,49.3305747717347
786608855,49.330574771785
786618614,49.3305747715201
786628662,49.3305747719755
786638935,49.330574771966
786648808,49.3305747714993
786658947,49.3305747713498
786668938,49.3305747714314
786679003,49.3305747713939
786688995,49.3305747709074
786698871,49.3305747708915
786988584,49.3305746888033
786998540,49.3305746887207
787008635,49.3305746891941
787028575,49.3305746894278
787038575,49.3305746899142
787048649,49.3305746899094
787078621,49.3305746898287
787098659,49.3305746902458
787108657,49.3305746901658
787128742,49.3305746902917
787338573,49.3305745787452
787348606,49.3305745784054
787358606,49.3305745781074
787368555,49.3305745783317
787378811,49.3305745776864
787388387,49.3305745781986
787398434,49.3305744818132
787408602,49.3305744821221
787418601,49.3305744816154
787428655,49.3305744812283
787438601,49.3305744810058
787448732,49.3305744810495
787458551,49.3305744808503
787468518,49.3305744809751
787478561,49.3305744807655
787488556,49.3305744810401
787498555,49.3305744803678
787508553,49.3305744807671
787518554,49.3305744806566
787548727,49.3305744800092
787568550,49.3305743562426
787588603,49.3305743551328
